15923, IND
60133, IND
83681, IND
65507, GRP
34263, IND
49139, IND
58995, GRP
88490, IND
46444, IND
60587, GRP
44546, GRP
51628, IND
40110, IND
15998, GRP
96457, IND
70841, IND
46139, IND
40386, IND
98916, IND
32190, IND
27550, IND
24040, IND
73516, IND
88905, GRP
42112, IND
37740, GRP
72405, IND
47445, IND
27158, GRP
17183, GRP
42325, IND
15180, GRP
58026, GRP
81352, GRP
33133, IND
91036, IND
22882, GRP
40842, IND
73612, GRP
15815, IND
24049, IND
79204, IND
46229, OTH
34669, GRP
34575, IND
20357, GRP
52445, IND
10991, IND
57135, IND
72369, GRP
42192, IND
43587, IND
41553, GRP
62986, IND
70051, IND
73642, GRP
11645, OTH
72274, IND
21524, GRP
84579, IND
59519, IND
51386, IND
10918, IND
57541, IND
25125, IND
61295, IND
53351, IND
25463, IND
85613, GRP
85886, IND
54621, GRP
80397, IND
67926, IND
41588, IND
51948, IND
28196, GRP
50376, GRP
45304, IND
27228, IND
57326, IND
88221, GRP
97610, IND
63048, IND
30075, IND
60466, IND
25685, GRP
16333, IND
78417, IND
51525, IND
84550, GRP
23530, GRP
57284, IND
59700, IND
13433, IND
80197, IND
79309, IND
47696, IND
55633, GRP
87934, IND
27455, IND
83466, OTH
48657, IND
86611, IND
12193, IND
63985, IND
20522, GRP
70324, IND
89329, IND
11100, IND
83240, IND
81890, IND
72037, GRP
94607, IND
72531, IND
98575, IND
58342, GRP
39429, IND
18786, IND
67049, GRP
98216, IND
37649, IND
59751, IND
92215, OTH
22311, IND
75125, GRP
21354, IND
22594, GRP
33394, IND
56513, IND
59691, IND
41997, IND
56637, OTH
97410, IND
77746, IND
17704, IND
61674, IND
39860, GRP
79934, IND
55048, GRP
76833, IND
55832, GRP
32056, GRP
67841, GRP
94427, IND
96594, IND
62689, GRP
35968, GRP
14516, IND
15866, GRP
57185, IND
91430, GRP
29203, GRP
27913, IND
46410, GRP
16856, IND
89200, IND
45269, IND
15437, IND
91472, IND
98531, IND
98685, IND
31665, IND
38732, IND
46983, IND
22067, OTH
79756, IND
99563, IND
23542, IND
83416, IND
67418, GRP
58632, GRP
35612, IND
96905, IND
79778, GRP
90328, GRP
71350, IND
43782, IND
58287, IND
32061, GRP
63129, GRP
74797, IND
25177, IND
87428, IND
39400, IND
88745, IND
70443, IND
90327, IND
65545, GRP
58543, IND
79222, IND
72401, GRP
31354, IND
29008, IND
41590, GRP
72523, IND
14640, GRP
74909, GRP
96397, IND
34030, IND
29113, IND
11286, GRP
41821, GRP
76379, IND
52080, IND
51762, GRP
71592, GRP
78688, IND
76135, IND
30778, GRP
22569, IND
48938, IND
41438, IND
73439, OTH
