id	subtask_c
90194	IND
97670	GRP
52415	IND
13384	GRP
28414	IND
28195	GRP
56117	GRP
12681	GRP
82904	IND
77665	GRP
12609	IND
12108	IND
14726	GRP
84102	GRP
98992	IND
33853	IND
75215	IND
57013	IND
74831	IND
53264	IND
84664	IND
48995	IND
47153	GRP
64429	OTH
45068	IND
84667	IND
93119	IND
21379	IND
52252	IND
91001	IND
80561	GRP
39907	IND
77294	IND
28841	IND
59998	GRP
28812	GRP
64776	IND
69972	IND
96789	GRP
68629	GRP
77319	GRP
49504	IND
31229	OTH
88546	IND
32897	IND
62072	GRP
95444	IND
62481	IND
39021	IND
68840	IND
32916	GRP
18547	GRP
82607	GRP
82339	OTH
34510	GRP
53501	IND
69928	IND
31853	IND
13872	GRP
28985	GRP
74004	IND
70838	IND
15991	GRP
16885	IND
19514	IND
34317	GRP
36289	GRP
86477	GRP
44015	GRP
11411	OTH
10133	IND
29497	IND
97300	IND
14808	GRP
87300	IND
80497	IND
97277	IND
77769	OTH
33096	IND
81470	GRP
20322	GRP
60130	IND
54559	IND
14285	IND
42133	IND
18834	GRP
38043	GRP
76709	GRP
22728	OTH
11640	GRP
47009	GRP
97936	GRP
72024	GRP
98547	IND
98382	IND
71577	IND
17391	GRP
34443	IND
22185	IND
77089	GRP
79972	GRP
30085	GRP
95773	IND
51053	GRP
14131	IND
53995	GRP
82171	GRP
50936	IND
97580	IND
54991	OTH
55051	GRP
58548	IND
41277	GRP
51592	IND
56068	GRP
88585	IND
14234	OTH
97329	IND
85409	GRP
14118	IND
63792	IND
82293	GRP
61533	IND
40857	IND
23228	IND
78473	IND
30890	GRP
92935	GRP
86626	IND
18702	GRP
78567	IND
80107	IND
84294	IND
53037	IND
10605	GRP
93280	IND
97831	GRP
82366	IND
70315	GRP
83457	GRP
14877	IND
33095	IND
50390	GRP
38444	IND
77647	GRP
30426	IND
38806	IND
36795	GRP
21223	IND
25469	IND
74815	IND
67895	GRP
99912	GRP
69106	GRP
47490	IND
77519	GRP
20232	IND
32990	IND
64626	IND
39729	IND
93056	IND
32139	IND
59690	IND
23311	IND
33600	IND
79122	GRP
58576	GRP
70525	GRP
69004	IND
28518	IND
77529	IND
25305	IND
70652	IND
60071	IND
12602	IND
35933	IND
66631	OTH
70446	GRP
26783	IND
49939	IND
23818	IND
35823	IND
36639	IND
35959	IND
14239	GRP
94756	IND
90701	IND
20770	IND
77620	IND
21734	IND
57625	IND
40567	IND
32074	IND
17811	IND
39492	IND
40412	IND
71929	IND
35524	IND
66579	GRP
58523	IND
66864	IND
24298	IND
43335	GRP
46678	IND
47804	IND
49896	IND
52906	IND
12295	IND
20235	IND
90247	IND
89795	IND
86958	IND
89600	IND
27161	IND
65915	IND
82618	GRP
90997	IND
63005	IND
16105	IND
89453	IND
22946	GRP
88594	IND
53551	IND
46987	GRP
97760	GRP
81704	IND
57305	IND
87737	IND
50771	IND
60966	IND
45019	GRP
84724	OTH
98631	GRP
16691	OTH
56181	GRP
96139	IND
71104	GRP
11020	GRP
49326	IND
32558	IND
43832	IND
86646	IND
12223	IND
49452	IND
56645	GRP
92803	IND
30471	OTH
93778	IND
65422	IND
20413	GRP
24354	IND
74402	GRP
19061	GRP
86448	IND
92949	GRP
20729	IND
29695	IND
14179	IND
51118	GRP
59703	IND
73118	OTH
26447	IND
66845	GRP
29880	OTH
85882	GRP
81239	GRP
66048	IND
98294	OTH
30337	IND
67391	GRP
48534	IND
22086	GRP
86879	GRP
80462	IND
55281	GRP
93035	IND
66585	GRP
38143	GRP
31945	IND
66398	GRP
35786	OTH
13641	GRP
92257	OTH
26317	IND
70481	IND
61942	GRP
27631	IND
40674	IND
78494	IND
21564	GRP
87824	IND
32310	GRP
90618	GRP
94345	GRP
77180	OTH
63408	IND
99383	IND
35359	IND
32776	GRP
70434	IND
51128	OTH
84894	GRP
45521	GRP
87501	IND
71984	OTH
99643	IND
63350	IND
97846	GRP
74245	IND
16278	IND
16251	IND
64189	GRP
61788	GRP
95262	IND
89043	IND
13324	IND
25808	GRP
80698	IND
32103	IND
52798	IND
32717	IND
92319	IND
59657	IND
83274	GRP
42234	IND
36226	IND
49622	GRP
54050	GRP
34017	IND
83754	GRP
31196	OTH
85220	IND
15817	IND
48118	GRP
84077	IND
84770	GRP
48370	IND
48479	GRP
22130	GRP
40746	IND
33232	GRP
33670	IND
46033	IND
40324	IND
54691	IND
62953	GRP
59895	IND
13692	IND
23560	GRP
45485	IND
95617	IND
93402	IND
97658	GRP
48474	OTH
35384	GRP
11746	IND
90460	IND
46544	IND
57446	IND
30412	IND
94913	IND
88710	IND
28150	GRP
90308	IND
56689	IND
40471	IND
51613	IND
92684	OTH
28679	OTH
41642	IND
52687	GRP
49383	IND
89284	OTH
12987	IND
48421	GRP
35308	IND
55842	GRP
84775	GRP
67852	OTH
71717	GRP
59633	GRP
45078	IND
94425	GRP
86725	IND
26435	IND
24282	OTH
36206	IND
10057	IND
70336	IND
11650	GRP
54987	GRP
30811	GRP
62929	GRP
20490	GRP
23902	IND
95606	IND
53591	GRP
69593	IND
65922	GRP
91693	IND
88954	IND
51153	OTH
53994	GRP
67261	GRP
21146	GRP
94737	IND
16774	IND
37906	IND
43540	IND
18626	IND
25418	GRP
63476	IND
38235	IND
55806	IND
87342	IND
82687	GRP
24454	GRP
25338	IND
80515	IND
77105	GRP
10719	IND
83844	IND
25944	GRP
64322	OTH
15618	GRP
31240	IND
83966	IND
47741	GRP
29634	GRP
66578	IND
35726	OTH
91440	GRP
98976	GRP
93601	GRP
81967	GRP
78008	IND
80399	OTH
90654	IND
55766	IND
39471	OTH
84281	IND
54306	IND
50560	IND
32416	IND
44825	OTH
50605	IND
81733	GRP
32322	IND
90490	IND
38878	GRP
16833	GRP
35133	GRP
65372	IND
81553	IND
76643	GRP
29157	IND
38181	IND
81472	IND
14424	GRP
23522	IND
20506	GRP
49479	IND
80858	IND
99581	IND
23969	IND
43949	GRP
50878	IND
57128	IND
27002	GRP
17890	IND
94541	GRP
98345	IND
53785	IND
85147	IND
72727	IND
52548	IND
19906	GRP
76436	IND
26109	IND
31793	IND
81372	OTH
55896	IND
92582	IND
61381	IND
94644	IND
70372	IND
57823	GRP
29563	IND
36697	IND
23667	IND
31757	GRP
26277	IND
75502	GRP
22202	IND
68621	GRP
96871	IND
30411	IND
79939	IND
87045	GRP
94241	IND
48939	GRP
53458	IND
96697	GRP
47962	IND
45788	IND
37252	GRP
85538	IND
15823	IND
23507	GRP
77343	GRP
81230	IND
65143	GRP
59746	GRP
64496	IND
15694	GRP
54753	GRP
24918	IND
77843	IND
16882	IND
70473	IND
73201	IND
88054	GRP
90696	IND
18102	IND
48823	IND
10653	IND
31714	IND
28857	IND
82457	GRP
64837	OTH
65338	IND
91012	GRP
30524	IND
67694	IND
77415	IND
15954	IND
77651	GRP
66714	GRP
54373	IND
91642	IND
62041	IND
10540	IND
15790	IND
49515	IND
48035	IND
48544	IND
92958	GRP
73006	IND
82522	IND
29024	GRP
43641	IND
49032	GRP
55827	GRP
87555	GRP
39256	GRP
42557	IND
97612	IND
57632	IND
82582	GRP
79688	IND
26346	IND
40756	IND
63761	IND
62787	GRP
69271	GRP
10507	IND
39364	GRP
81242	OTH
16462	GRP
10670	IND
97695	GRP
26274	GRP
16868	GRP
51995	GRP
74733	GRP
24276	IND
70272	IND
32082	IND
33714	IND
29481	IND
39784	IND
94856	IND
49280	IND
68826	GRP
98282	IND
22866	GRP
72606	OTH
34694	GRP
62766	IND
47639	IND
60518	IND
79047	GRP
89799	IND
88599	IND
47824	GRP
29916	OTH
78819	GRP
50164	GRP
27535	GRP
47995	IND
37234	IND
24621	IND
24962	IND
84265	GRP
45879	GRP
81184	IND
15197	GRP
27540	OTH
98441	IND
65135	IND
17898	IND
21536	IND
10293	IND
66442	GRP
78859	GRP
75054	IND
44023	IND
57591	IND
74455	OTH
11402	IND
84321	GRP
27076	GRP
85088	IND
46297	IND
79079	IND
97209	IND
28057	IND
15345	GRP
59941	IND
30680	IND
46843	IND
49760	GRP
12068	IND
16893	IND
35688	IND
53913	IND
49191	GRP
62142	GRP
31588	IND
66938	GRP
49045	GRP
56604	GRP
68279	IND
11283	GRP
75594	IND
67167	GRP
93727	GRP
28260	GRP
33194	IND
93002	IND
93476	IND
75168	IND
76807	OTH
18240	IND
53557	IND
42514	GRP
53436	IND
59555	GRP
39309	IND
55559	GRP
16945	GRP
37598	IND
56657	GRP
83594	IND
18151	GRP
17661	IND
26368	IND
69026	IND
68698	GRP
43083	IND
38408	GRP
52890	IND
21151	GRP
67144	IND
59598	GRP
55199	IND
57630	GRP
47943	GRP
43137	IND
21315	GRP
23116	GRP
67187	IND
99044	IND
62796	IND
45155	IND
72688	GRP
12856	IND
50316	IND
96952	IND
81418	IND
22694	GRP
50490	GRP
31252	IND
82529	IND
77261	GRP
71844	IND
85239	IND
54182	IND
99186	GRP
29688	IND
41985	IND
40448	IND
43966	GRP
41554	IND
96542	IND
50369	IND
94465	IND
81340	IND
72518	IND
57552	GRP
17420	IND
64091	GRP
93824	IND
52236	IND
18935	IND
97291	GRP
29558	IND
93933	IND
76238	GRP
89345	IND
34887	IND
49843	GRP
25625	IND
54626	GRP
89781	GRP
10460	GRP
45236	IND
31912	IND
88186	GRP
13629	IND
37896	IND
26623	GRP
20777	IND
40350	IND
80969	IND
14116	IND
26365	IND
10794	IND
22986	IND
29730	GRP
94744	IND
59858	IND
48017	IND
76860	OTH
22784	IND
17283	IND
46874	IND
17595	IND
30478	IND
14077	IND
54841	IND
90305	IND
79483	GRP
38911	GRP
25801	IND
50948	GRP
94521	IND
64652	IND
32148	IND
87399	GRP
31562	GRP
10181	GRP
18355	IND
15836	IND
52805	GRP
40752	OTH
30598	IND
30846	GRP
35533	GRP
82617	GRP
84905	IND
90802	GRP
39356	IND
34447	GRP
11810	IND
63591	GRP
51085	IND
19545	GRP
76433	GRP
34301	GRP
43151	OTH
48606	IND
79313	OTH
81457	IND
37773	GRP
46954	IND
11541	GRP
12422	IND
56760	IND
61023	GRP
53665	IND
31493	IND
40399	IND
47171	IND
58552	IND
47033	IND
20136	IND
73710	GRP
47238	IND
86920	GRP
22715	IND
76555	OTH
52554	IND
47883	IND
85014	IND
19311	IND
99844	IND
55174	IND
16201	IND
66764	IND
77710	IND
26961	IND
14997	IND
20559	IND
63914	IND
61110	IND
70775	IND
64673	OTH
24283	GRP
40489	GRP
72705	IND
52719	GRP
47088	GRP
57096	IND
82685	GRP
21647	OTH
14848	IND
25259	IND
63892	IND
95357	IND
25720	IND
90396	IND
24498	GRP
37694	IND
26889	IND
68320	IND
42879	IND
82106	GRP
87207	IND
87143	IND
12324	IND
40821	GRP
26844	IND
56180	IND
85444	IND
59875	GRP
27510	IND
81446	IND
27391	IND
41929	IND
80432	IND
39627	IND
68677	IND
90543	GRP
27150	OTH
85931	IND
41247	IND
11362	IND
11438	IND
27669	IND
58670	IND
49942	IND
34378	IND
96501	IND
59400	IND
76994	OTH
83018	GRP
81851	GRP
71908	GRP
90181	GRP
62822	IND
58864	IND
85481	IND
59032	IND
43712	IND
21967	IND
42488	IND
35558	GRP
30972	IND
55816	GRP
67777	IND
20570	GRP
94070	IND
41414	IND
74066	IND
55515	IND
37604	IND
38370	IND
47425	IND
64008	GRP
67453	IND
18696	IND
95210	IND
65340	GRP
99778	IND
71504	IND
40154	IND
48061	IND
18519	GRP
28660	IND
11409	GRP
69682	IND
52292	IND
31046	IND
30464	IND
14512	IND
88097	IND
77994	IND
42410	GRP
69456	OTH
57952	IND
21095	IND
80516	OTH
40152	GRP
99729	GRP
32734	IND
98440	OTH
41563	IND
26457	IND
43322	GRP
38116	IND
31480	GRP
40051	GRP
43269	GRP
42226	IND
74744	IND
16097	IND
76049	IND
49396	GRP
93004	GRP
44210	GRP
66826	OTH
54062	IND
69586	OTH
25306	IND
48012	GRP
25145	IND
37925	GRP
49493	GRP
85087	GRP
65285	GRP
43009	IND
29565	IND
52026	GRP
19813	IND
68918	IND
50295	GRP
21422	IND
62905	OTH
32524	IND
48660	IND
99216	GRP
83756	GRP
60989	IND
41059	GRP
67258	GRP
13720	IND
34571	GRP
60491	IND
46159	IND
79023	GRP
22102	GRP
47242	IND
82139	IND
15286	IND
31845	IND
80016	GRP
43212	IND
50593	GRP
52082	GRP
69277	IND
99915	GRP
49358	IND
31668	IND
35139	IND
57228	OTH
12748	GRP
36701	GRP
44391	OTH
71900	IND
97704	GRP
34943	IND
33566	IND
71656	OTH
93589	IND
58294	IND
83184	IND
98517	IND
45834	IND
75507	IND
35022	IND
62844	OTH
56638	IND
94456	GRP
97210	GRP
77403	GRP
40574	IND
77181	IND
48438	IND
77021	GRP
24967	IND
33118	IND
81929	IND
41706	IND
31062	GRP
69417	GRP
17787	IND
95856	IND
51231	IND
48645	IND
80930	IND
27379	IND
36646	IND
79598	GRP
79970	OTH
26792	IND
59603	IND
48266	IND
17564	IND
26180	IND
89980	IND
13566	IND
70822	IND
51746	IND
18518	IND
44910	IND
71756	IND
31315	IND
59920	IND
80869	IND
11327	IND
47806	IND
97780	IND
45761	IND
24726	IND
68459	IND
40962	IND
19091	IND
41366	IND
11271	GRP
53662	GRP
18220	GRP
16922	IND
82925	IND
43631	IND
49894	GRP
17387	IND
47681	IND
47014	IND
33810	IND
32644	IND
58307	IND
91292	IND
31027	IND
56134	IND
89187	GRP
48175	IND
58389	IND
34522	GRP
50419	IND
95547	GRP
92027	OTH
41745	IND
89377	IND
43978	IND
82217	IND
63699	GRP
59415	IND
29316	IND
93983	IND
31185	IND
76403	OTH
41881	IND
72471	GRP
60779	GRP
42634	OTH
80705	OTH
93689	IND
60054	GRP
62224	GRP
95720	IND
27133	GRP
93762	IND
58303	IND
26169	IND
27700	GRP
19183	GRP
46757	GRP
38951	IND
72010	GRP
26488	IND
61704	GRP
61039	IND
60393	IND
14289	GRP
88788	IND
69466	IND
46601	IND
94383	IND
65093	IND
62553	OTH
53176	IND
88321	IND
28428	IND
82183	GRP
30333	IND
59802	IND
21807	IND
69454	IND
49740	IND
21614	GRP
24879	GRP
58379	IND
55959	IND
97694	GRP
76063	IND
12812	IND
40221	GRP
62862	GRP
81677	IND
29954	GRP
17332	GRP
51869	IND
71525	IND
72493	IND
50482	IND
66815	IND
40736	OTH
14223	GRP
62842	GRP
77863	GRP
83731	OTH
91953	IND
98670	IND
88903	OTH
19073	IND
10420	IND
21861	IND
62826	GRP
27802	OTH
94554	GRP
70231	GRP
37572	IND
14879	IND
19675	GRP
84092	IND
57645	IND
88582	IND
60315	IND
35710	IND
70296	IND
97778	OTH
69957	IND
21206	OTH
23394	IND
96773	IND
12774	IND
75809	OTH
52021	IND
11090	GRP
90586	GRP
73062	IND
39762	IND
94146	GRP
63069	GRP
43202	IND
82230	IND
44366	GRP
39469	GRP
20123	GRP
36883	IND
41268	IND
99111	IND
90223	IND
77031	IND
76330	IND
58948	GRP
51116	IND
56804	GRP
16387	IND
78769	IND
18912	IND
40207	GRP
53758	IND
90461	GRP
44298	GRP
82751	GRP
87535	GRP
73571	IND
65537	IND
24172	IND
46418	IND
86078	IND
71283	IND
35248	IND
17338	IND
25082	IND
98184	GRP
88927	GRP
12101	GRP
21313	OTH
81734	IND
26773	IND
46216	IND
80904	GRP
74392	IND
61308	IND
75038	IND
33745	GRP
80980	IND
89794	GRP
38747	IND
31514	IND
62000	IND
28907	IND
56408	GRP
95062	IND
56367	IND
48099	GRP
91905	IND
56694	OTH
19356	GRP
28653	IND
15446	IND
84043	IND
22874	GRP
58412	GRP
99173	IND
21649	IND
16666	IND
78352	IND
78014	IND
65894	IND
47456	IND
92587	GRP
16437	IND
41461	IND
66163	GRP
48537	IND
79580	IND
86215	IND
65485	IND
37524	IND
68995	IND
71428	GRP
37576	GRP
28564	OTH
39379	OTH
16545	IND
44656	GRP
12977	GRP
81266	IND
62665	GRP
20633	IND
90467	IND
59585	IND
48788	GRP
52284	IND
14175	GRP
76303	IND
76311	IND
78252	GRP
81221	GRP
40498	IND
41467	OTH
59407	IND
19179	GRP
50099	GRP
79302	IND
72191	GRP
47082	GRP
32666	IND
30880	IND
27599	GRP
45914	IND
75929	GRP
68764	IND
77399	IND
29111	IND
49234	IND
97916	GRP
45927	IND
81899	GRP
75342	IND
83578	IND
26203	OTH
22958	OTH
33058	IND
87923	IND
84508	IND
69659	IND
83279	IND
58613	IND
13088	IND
32653	IND
90849	GRP
38942	IND
13931	OTH
12809	GRP
33913	IND
93956	IND
20339	GRP
81571	IND
84361	GRP
89193	GRP
43827	IND
47749	GRP
80940	GRP
24552	IND
69390	GRP
99344	GRP
66385	GRP
22450	IND
32094	IND
89653	OTH
66982	IND
88629	GRP
39663	GRP
71163	IND
78479	IND
44053	IND
86690	OTH
12178	IND
96924	IND
49763	IND
72490	GRP
58557	OTH
60523	IND
16997	IND
55248	GRP
85858	IND
42343	GRP
48516	IND
95077	OTH
26869	GRP
98016	IND
61006	IND
45425	IND
90232	GRP
55967	OTH
21229	IND
27304	IND
25737	GRP
30245	IND
24917	OTH
47251	IND
45045	GRP
12758	IND
63416	OTH
26229	GRP
99821	GRP
14758	GRP
95958	GRP
92590	IND
64168	GRP
27795	IND
88558	IND
76381	IND
31114	GRP
74320	IND
17779	GRP
13725	GRP
39225	GRP
20691	IND
32236	GRP
76951	GRP
12344	IND
21478	GRP
70501	IND
87289	IND
93381	IND
77285	IND
22303	GRP
35216	IND
27203	GRP
44962	IND
52502	IND
94623	IND
11982	IND
73814	IND
56521	IND
46819	IND
50737	GRP
29140	GRP
74101	IND
28166	IND
61604	GRP
22373	IND
37110	IND
90528	IND
75157	OTH
27008	IND
45258	IND
22243	IND
74396	IND
65862	IND
51929	GRP
38709	IND
31180	GRP
21521	IND
70708	IND
89012	IND
64659	OTH
21932	GRP
49277	IND
55351	GRP
63908	OTH
99215	GRP
12333	IND
47176	IND
94161	GRP
61549	IND
25384	GRP
47988	IND
32028	IND
43105	IND
99068	IND
16904	IND
48214	IND
42115	IND
71094	GRP
57980	IND
36373	IND
71468	IND
92452	IND
16193	IND
90142	GRP
56571	GRP
49262	IND
92998	IND
58896	IND
76519	IND
52643	GRP
22767	IND
98523	IND
47297	GRP
88504	IND
49125	IND
73769	GRP
73552	IND
21610	OTH
45819	GRP
32210	GRP
84629	GRP
61831	IND
16289	GRP
38393	GRP
46844	IND
87826	IND
60283	IND
99986	IND
71212	OTH
72139	GRP
98230	GRP
83069	IND
58047	GRP
12762	GRP
59483	IND
13105	IND
59794	IND
96559	GRP
99247	GRP
80913	IND
97093	IND
94840	GRP
44691	IND
38764	GRP
93074	GRP
28684	IND
31745	GRP
82697	IND
72077	IND
83819	IND
20963	GRP
26816	GRP
84588	GRP
53206	IND
18720	IND
39237	GRP
86630	IND
95458	IND
39320	GRP
10703	GRP
15835	GRP
96026	GRP
54377	GRP
13425	IND
34434	OTH
62376	IND
72880	IND
84562	IND
82745	IND
49940	OTH
94815	IND
36537	GRP
55729	GRP
54532	GRP
62557	GRP
41061	GRP
91233	GRP
20976	IND
16736	IND
76268	IND
39697	IND
94396	OTH
28980	IND
64203	OTH
23868	GRP
13964	GRP
32034	GRP
23916	GRP
93328	IND
84055	GRP
92712	IND
75284	IND
98054	GRP
89258	GRP
98324	IND
86871	GRP
51015	IND
30219	GRP
38450	IND
75964	IND
13049	IND
36907	IND
94898	IND
50874	GRP
12490	IND
85051	OTH
12670	IND
46362	IND
21487	IND
74575	GRP
25913	IND
50275	GRP
41368	IND
97189	IND
67963	IND
29684	OTH
18445	IND
15001	OTH
87655	OTH
80694	IND
69136	IND
77585	GRP
91767	OTH
81906	IND
28774	GRP
88741	GRP
50443	GRP
26490	GRP
26624	IND
67824	GRP
28829	GRP
73607	IND
75575	GRP
47621	GRP
61091	IND
26424	GRP
34819	IND
73021	GRP
30213	IND
59696	IND
39851	IND
49736	GRP
87479	OTH
10087	GRP
98679	OTH
85983	IND
20802	GRP
42541	GRP
43434	IND
36244	IND
93181	IND
31958	IND
87552	GRP
84029	IND
89422	GRP
77406	GRP
64887	IND
49221	IND
73044	IND
65680	IND
87033	GRP
64273	GRP
95495	IND
38360	IND
50999	IND
37859	GRP
70290	IND
94120	IND
70164	GRP
76440	IND
59070	IND
20983	IND
15947	IND
51499	IND
52204	IND
86981	IND
77139	IND
46709	GRP
38954	OTH
34157	GRP
82930	OTH
66781	GRP
19249	GRP
70910	IND
35817	IND
28483	GRP
83788	IND
39490	GRP
24698	IND
45000	IND
90338	IND
79422	OTH
16579	GRP
62650	IND
33048	IND
64836	IND
63219	GRP
39162	IND
42335	GRP
78420	IND
69534	IND
38374	GRP
89954	IND
12391	IND
52776	OTH
43389	GRP
52773	IND
79353	IND
75067	IND
42250	IND
40963	IND
18787	IND
63941	GRP
85190	IND
32729	IND
54449	IND
47338	IND
37020	IND
60912	IND
51181	IND
23809	IND
92371	GRP
45657	GRP
90875	IND
38952	IND
47922	IND
92887	IND
82359	GRP
70000	GRP
11581	OTH
61334	IND
73553	IND
63657	OTH
53622	GRP
36424	OTH
25291	IND
93400	OTH
55579	IND
93827	IND
40430	IND
58099	IND
95400	IND
21763	IND
43448	GRP
67127	IND
71845	IND
23862	IND
36200	IND
33983	GRP
53137	IND
54970	GRP
67009	IND
83491	GRP
89952	IND
38416	IND
35819	OTH
16707	IND
26243	IND
16645	IND
34584	OTH
66090	GRP
80291	OTH
85742	IND
24129	GRP
88225	OTH
95430	OTH
29022	IND
60824	IND
42371	IND
95412	GRP
92679	IND
26528	IND
10189	IND
43312	IND
79531	IND
10309	IND
51521	IND
59639	IND
15135	IND
32438	GRP
32201	IND
87003	IND
37263	IND
78611	GRP
26674	IND
50260	IND
12935	IND
98793	OTH
62585	IND
84737	IND
49858	IND
34366	IND
27617	IND
91845	GRP
30292	OTH
34111	IND
96986	GRP
13126	IND
85868	GRP
20917	IND
15354	GRP
37218	IND
11347	IND
26310	IND
90169	IND
42783	IND
74212	IND
74509	OTH
36654	OTH
18987	GRP
24186	IND
22137	IND
15353	IND
26105	IND
78581	IND
89665	OTH
66188	GRP
88572	IND
20751	GRP
18318	IND
97413	IND
91976	IND
56277	GRP
49178	GRP
43150	IND
33366	IND
95923	GRP
11854	IND
36350	IND
49813	IND
18029	GRP
68124	GRP
35983	GRP
86242	GRP
75669	IND
56917	IND
11356	IND
52625	IND
14616	GRP
89474	GRP
48143	IND
21106	OTH
43620	IND
45589	GRP
74924	GRP
90166	GRP
37149	OTH
11881	GRP
15892	IND
69022	IND
76038	IND
89959	GRP
82955	GRP
27350	IND
20434	IND
22492	IND
79242	GRP
78539	IND
85257	IND
76044	IND
57826	IND
94232	IND
24229	IND
58891	IND
10665	GRP
69551	IND
42118	GRP
16142	GRP
20222	IND
86758	IND
99668	IND
92129	GRP
89988	GRP
28169	IND
10008	GRP
34128	OTH
36326	OTH
10009	IND
45234	IND
60091	GRP
59773	IND
12084	IND
89906	GRP
98731	GRP
25970	GRP
82108	IND
83469	IND
22260	IND
90679	GRP
30804	IND
91156	IND
71524	IND
80777	IND
42423	IND
17191	IND
90804	GRP
64448	GRP
28067	GRP
72660	IND
85216	IND
36194	IND
45136	OTH
21047	IND
78577	IND
91396	IND
79226	GRP
66673	OTH
17914	IND
98724	GRP
98558	GRP
72645	IND
65930	IND
38827	GRP
72604	IND
13047	OTH
68653	GRP
37692	GRP
38692	IND
44085	IND
66355	IND
78174	IND
86688	OTH
82377	IND
58559	GRP
22062	IND
82146	IND
49075	GRP
17082	GRP
71869	IND
46858	IND
37068	IND
69757	IND
84623	IND
33283	IND
98521	IND
91808	OTH
45171	OTH
80461	GRP
45697	IND
67985	GRP
31397	IND
25990	GRP
52835	IND
97581	IND
43241	IND
82428	GRP
98627	IND
43865	GRP
60473	IND
91741	IND
79545	IND
49118	IND
39327	IND
82598	IND
50500	GRP
18456	GRP
25486	IND
81765	IND
75411	GRP
45932	GRP
56012	IND
29999	IND
32192	IND
12221	GRP
16903	IND
40904	GRP
24561	IND
73623	IND
50780	IND
18821	IND
29354	IND
90878	IND
21790	IND
45346	IND
65741	OTH
95881	IND
47667	GRP
88300	IND
99400	IND
99712	IND
92670	IND
94910	GRP
96947	IND
11188	IND
88017	IND
41487	IND
95092	GRP
65831	IND
70322	GRP
83083	IND
21728	GRP
87400	IND
29608	IND
76034	GRP
13473	IND
94169	IND
14067	IND
53108	OTH
10619	GRP
75449	IND
94663	IND
99832	GRP
27176	IND
34942	IND
43468	IND
80716	IND
56813	IND
44170	GRP
58956	GRP
24516	GRP
68672	IND
75385	IND
77827	IND
10787	IND
69218	GRP
31616	IND
99796	IND
96587	IND
15936	IND
79130	IND
77601	IND
83407	GRP
34660	GRP
93168	GRP
84781	GRP
37204	IND
41131	GRP
18065	IND
65156	IND
13761	GRP
73505	GRP
64242	GRP
18948	IND
58103	IND
77408	IND
62545	GRP
16742	IND
21148	IND
58011	GRP
64166	IND
84202	IND
71490	GRP
61286	IND
85796	IND
20554	GRP
11007	IND
51557	IND
34459	GRP
41226	IND
20561	IND
44612	IND
41824	IND
23214	IND
51222	IND
68801	IND
36038	GRP
20540	GRP
49160	GRP
56516	IND
35084	GRP
90446	GRP
29701	IND
40003	IND
45541	GRP
26050	OTH
58206	IND
22371	IND
26572	IND
21791	GRP
26918	OTH
46725	IND
75988	IND
58203	OTH
62240	IND
50543	GRP
28698	IND
99416	IND
96002	IND
37565	IND
61734	GRP
46945	IND
15636	IND
24376	IND
70917	IND
41379	GRP
93063	IND
33301	GRP
38062	IND
57695	GRP
35240	IND
21970	IND
46263	IND
52937	IND
10744	IND
27207	IND
37577	GRP
46591	IND
38296	OTH
55028	IND
50938	IND
82648	IND
57303	IND
66127	GRP
12182	IND
86554	OTH
70368	GRP
30844	IND
75880	IND
90047	IND
90829	GRP
19306	IND
26748	IND
75696	GRP
71510	GRP
80776	IND
28403	IND
29297	IND
11275	GRP
63287	GRP
22174	GRP
16577	IND
12695	IND
80374	IND
95631	IND
30611	IND
11041	GRP
74400	IND
59326	OTH
70266	OTH
93071	IND
59625	IND
47706	IND
16743	IND
80728	IND
25519	GRP
45400	IND
10825	IND
98407	GRP
61621	IND
35109	IND
75876	GRP
95224	GRP
57827	IND
65856	IND
28831	IND
40282	IND
98387	OTH
94688	GRP
84493	IND
14486	IND
61756	GRP
26975	IND
19847	OTH
20646	IND
73204	IND
90712	IND
32534	OTH
39124	IND
36049	IND
85278	GRP
51609	IND
47122	IND
61599	IND
14271	IND
40202	IND
75339	IND
99697	IND
64888	IND
22207	GRP
12754	IND
56099	GRP
33110	IND
13794	IND
15548	IND
30740	IND
60923	IND
99720	IND
51603	OTH
17891	GRP
41737	IND
30093	IND
61846	GRP
90130	IND
95790	IND
66580	OTH
43289	IND
12851	IND
11348	GRP
68660	GRP
56870	IND
36059	IND
63253	GRP
50012	IND
33091	IND
35483	GRP
12587	IND
48299	GRP
10981	IND
19267	IND
11046	IND
22907	IND
65112	IND
54898	OTH
54549	GRP
48951	IND
41778	IND
48236	IND
86029	IND
81307	IND
25180	GRP
94152	IND
32894	IND
31931	IND
86550	IND
72124	OTH
47716	GRP
94142	GRP
27502	IND
37517	IND
36343	IND
79577	IND
53784	IND
89221	IND
82489	GRP
85092	IND
42523	IND
51452	GRP
53870	IND
88941	IND
22707	IND
24863	GRP
46988	IND
23664	IND
42456	GRP
82355	GRP
62169	IND
64220	GRP
31282	IND
16191	OTH
59002	GRP
81179	IND
46498	IND
56036	IND
70535	IND
38294	IND
26708	IND
89350	IND
85349	IND
27456	GRP
35183	GRP
35419	GRP
41918	GRP
82917	IND
98220	IND
22712	IND
53538	GRP
61578	OTH
89078	IND
61218	IND
30838	IND
13075	IND
27819	IND
54245	GRP
53575	GRP
19521	GRP
11048	GRP
94071	IND
14992	IND
25019	GRP
26171	IND
63168	GRP
61737	GRP
49780	IND
29648	GRP
46168	GRP
57440	GRP
17314	GRP
82398	IND
55751	IND
57426	IND
92379	GRP
13698	IND
13064	IND
61302	IND
54030	IND
98130	IND
15251	GRP
97470	OTH
23366	GRP
55276	IND
24340	GRP
47771	IND
93258	IND
82331	IND
71996	GRP
10587	IND
32786	IND
62075	IND
45756	IND
90242	IND
46699	IND
84112	IND
52628	IND
54897	GRP
11618	IND
30103	IND
17578	IND
58830	IND
23084	IND
60451	OTH
42212	GRP
71100	IND
50231	GRP
48281	GRP
81253	IND
93754	IND
81657	IND
15922	IND
85133	IND
15876	GRP
93133	IND
75791	GRP
21767	IND
95937	IND
16162	OTH
49345	IND
12796	IND
40813	IND
72162	IND
53781	IND
54858	IND
19659	IND
69284	IND
81801	IND
76865	GRP
56974	GRP
19145	IND
29510	GRP
89868	GRP
47926	IND
55116	GRP
96547	GRP
75046	GRP
55085	IND
81738	IND
70014	GRP
53549	IND
69656	IND
78943	GRP
45574	IND
48871	GRP
34986	IND
77307	GRP
81786	IND
86718	GRP
34640	IND
63497	OTH
21059	GRP
32143	GRP
81249	GRP
56208	GRP
77672	GRP
78556	GRP
32097	IND
55940	IND
34708	IND
19340	GRP
55794	OTH
57622	GRP
57027	IND
43068	IND
49204	IND
92835	IND
35878	IND
53003	GRP
93937	IND
32846	IND
40951	IND
82256	GRP
62079	IND
84693	IND
42055	IND
45622	IND
64745	IND
78670	GRP
98344	OTH
53564	GRP
10734	IND
57671	GRP
75100	GRP
34193	GRP
83216	OTH
63384	GRP
88928	IND
21615	IND
33684	IND
22963	IND
98709	IND
86153	IND
49059	GRP
63195	IND
66981	IND
93456	OTH
84884	IND
15375	GRP
54929	IND
65536	GRP
18183	GRP
90341	IND
19819	IND
79379	GRP
83935	IND
95600	IND
19520	IND
24910	IND
54165	IND
70659	IND
15435	IND
25835	IND
91306	IND
42031	IND
73300	IND
25214	IND
11886	IND
12706	GRP
29523	OTH
88860	GRP
18205	IND
31311	IND
54789	IND
26246	IND
43081	IND
51203	IND
49728	IND
29650	GRP
93870	GRP
33919	IND
70376	GRP
70172	IND
55902	IND
36286	IND
59228	OTH
18083	GRP
37239	IND
43876	OTH
86455	IND
36163	IND
87251	GRP
82983	IND
49584	IND
62496	IND
13664	IND
56888	IND
14929	GRP
38700	IND
93446	OTH
32384	GRP
74011	GRP
15834	IND
66125	IND
85703	OTH
24170	OTH
13336	IND
66754	GRP
58037	IND
46191	IND
61771	IND
35566	IND
32539	IND
15402	IND
99284	IND
74638	OTH
83961	IND
96437	GRP
78806	IND
78650	GRP
38005	GRP
89246	IND
81583	IND
20722	IND
93858	OTH
41668	OTH
33032	OTH
75614	IND
61195	IND
59621	IND
55287	OTH
55865	GRP
87407	GRP
60753	IND
53105	IND
90703	IND
47545	GRP
48712	IND
20801	GRP
64378	IND
19594	IND
31639	IND
82746	IND
70158	IND
98967	GRP
41348	IND
21552	IND
34523	IND
99381	IND
61717	GRP
27816	IND
73496	GRP
10303	IND
58168	GRP
51584	IND
83318	IND
87713	GRP
99193	IND
36520	IND
41672	IND
33014	GRP
97923	IND
33845	IND
57872	IND
22481	GRP
15119	IND
22052	IND
68181	IND
26284	GRP
69815	IND
45781	GRP
11396	IND
83772	IND
90555	GRP
27269	IND
65079	IND
42155	IND
85067	GRP
86223	IND
60513	GRP
18206	IND
59912	IND
34182	IND
78458	GRP
70317	IND
20038	OTH
86351	GRP
70658	IND
20612	GRP
41545	IND
11671	IND
52581	IND
39258	IND
64122	IND
55128	IND
83330	GRP
56523	IND
81309	GRP
10922	IND
51341	IND
36039	IND
94064	GRP
65385	OTH
31723	IND
31527	OTH
61402	GRP
55346	IND
84873	IND
98605	IND
67880	IND
88613	IND
46310	IND
85997	IND
69914	GRP
52858	IND
68624	IND
20840	IND
82085	GRP
61602	IND
31500	IND
40534	GRP
83758	IND
86652	IND
45637	IND
58734	IND
33592	IND
59318	OTH
81718	IND
68158	IND
69725	IND
26636	GRP
66023	OTH
44307	GRP
71662	IND
29166	IND
41177	IND
49299	IND
87719	GRP
32309	IND
42205	GRP
29176	GRP
10329	IND
62623	GRP
36789	IND
46526	IND
80034	IND
42088	GRP
24774	OTH
40438	IND
30390	GRP
57037	GRP
24259	IND
26587	IND
63676	GRP
83805	IND
73076	IND
72223	GRP
46508	OTH
34334	IND
31877	GRP
96009	IND
37844	IND
74820	IND
74118	IND
45025	GRP
35518	IND
83135	IND
43414	IND
34422	OTH
99672	OTH
51029	GRP
65691	IND
56873	IND
25030	GRP
10790	IND
54994	IND
84543	GRP
84835	OTH
79923	IND
65280	IND
85118	IND
50330	IND
24894	IND
50681	GRP
98131	IND
22175	IND
77364	IND
16590	IND
69662	IND
95860	GRP
13624	GRP
98927	OTH
71073	IND
44056	GRP
46150	OTH
97004	IND
44143	IND
30116	GRP
86231	IND
69673	IND
81124	IND
73241	IND
38431	GRP
53929	IND
99495	IND
32011	IND
17258	GRP
71603	GRP
24755	GRP
98318	GRP
65473	GRP
41240	IND
48593	GRP
49945	IND
24509	GRP
86265	GRP
53541	GRP
79727	IND
90457	IND
98013	IND
98561	IND
65754	IND
71062	IND
86186	GRP
41092	IND
43381	IND
29727	GRP
29839	IND
14102	GRP
46787	IND
42249	GRP
63886	IND
35003	GRP
77583	IND
69455	IND
60611	IND
94310	GRP
24124	GRP
73548	GRP
88482	IND
98165	IND
65781	IND
20901	GRP
11027	GRP
57174	IND
42484	GRP
44394	GRP
26787	IND
87021	GRP
36568	GRP
30284	IND
46697	GRP
88326	IND
17756	IND
19314	IND
42320	IND
37685	IND
44067	IND
81517	IND
83941	OTH
19648	IND
51072	IND
43615	IND
76446	IND
90040	IND
10032	IND
23152	IND
86359	IND
42454	GRP
73770	GRP
52818	IND
85045	IND
74577	IND
64868	GRP
65816	GRP
12506	IND
37761	IND
60058	GRP
57973	IND
40415	IND
64278	IND
27420	GRP
93654	IND
21541	OTH
81048	GRP
99573	IND
59651	GRP
69903	IND
33627	IND
72629	IND
65291	IND
28371	GRP
28503	IND
98765	GRP
33117	IND
44418	IND
68016	IND
78033	GRP
39720	GRP
57036	IND
34899	IND
72677	IND
52878	IND
53804	OTH
56815	OTH
75967	GRP
84594	IND
20512	IND
77799	IND
36791	IND
65780	IND
97772	IND
66785	IND
52875	IND
97052	IND
65913	IND
50752	GRP
67265	GRP
65440	IND
92636	IND
94184	IND
21570	IND
41827	GRP
38231	IND
65296	GRP
44584	IND
59992	GRP
52812	IND
70193	OTH
80324	IND
19289	IND
83339	GRP
43465	IND
61240	IND
64917	IND
50431	GRP
82989	IND
31996	OTH
70111	GRP
85036	GRP
93610	IND
47866	IND
39441	IND
59102	GRP
90594	IND
19237	OTH
78129	GRP
79448	IND
45422	GRP
21063	IND
62103	IND
25472	IND
77786	IND
18448	GRP
50919	GRP
83182	GRP
71079	OTH
84287	IND
29152	IND
11326	GRP
50050	IND
37753	OTH
17769	GRP
32399	GRP
17410	IND
74762	IND
23139	GRP
13618	IND
49149	IND
84452	GRP
80887	IND
13841	IND
52863	OTH
29199	IND
31491	IND
49163	OTH
72641	IND
29651	IND
57660	GRP
53883	GRP
83321	IND
71552	IND
77225	IND
94908	IND
75960	IND
90879	IND
68928	IND
75175	GRP
67331	IND
80342	IND
40325	IND
18252	IND
84478	IND
83810	IND
89088	GRP
81856	GRP
88729	GRP
78216	IND
11282	OTH
13962	IND
61419	IND
42241	IND
97204	IND
20764	GRP
27553	GRP
42470	GRP
47442	IND
92547	IND
22822	GRP
26740	IND
86595	IND
22718	IND
91907	GRP
33148	IND
37828	IND
30311	IND
14396	IND
20092	OTH
58141	IND
61063	IND
25791	GRP
34596	IND
47973	OTH
12897	IND
70566	GRP
52515	GRP
32036	GRP
12117	IND
84326	IND
82553	IND
31019	IND
94226	IND
93663	GRP
51317	IND
14005	IND
51687	GRP
14336	IND
51593	GRP
40010	GRP
26174	GRP
71426	IND
21803	IND
28924	IND
47852	GRP
44514	GRP
51659	IND
78871	IND
30162	IND
51438	IND
10555	IND
52570	IND
27680	IND
51033	IND
40105	IND
63371	IND
35753	OTH
28517	IND
68316	IND
11127	IND
11823	IND
22662	IND
52979	IND
96311	IND
82116	IND
60658	IND
92597	IND
93972	GRP
40262	GRP
68647	IND
86788	GRP
87056	GRP
63524	GRP
86753	IND
80099	GRP
80661	GRP
81793	OTH
76596	OTH
42345	GRP
45233	IND
17605	IND
64952	IND
58211	IND
84236	GRP
18688	OTH
49569	IND
85655	IND
58418	IND
89233	IND
42741	IND
63880	IND
89171	IND
30254	IND
81605	IND
83023	IND
99060	GRP
76378	IND
60631	IND
42081	IND
41114	GRP
75340	IND
73285	GRP
18455	GRP
25430	IND
55997	GRP
59336	IND
37881	IND
42038	GRP
52432	IND
70044	IND
64544	OTH
37552	OTH
31987	IND
57417	IND
57355	GRP
49214	IND
68305	GRP
87097	IND
31566	GRP
34204	IND
54674	GRP
79001	IND
87329	GRP
89889	IND
90034	GRP
68297	GRP
58759	IND
20238	IND
73626	GRP
27243	IND
81548	IND
98979	IND
73561	IND
40316	GRP
49777	GRP
51684	GRP
20253	IND
98174	GRP
10142	IND
75090	GRP
47549	OTH
39243	IND
10843	IND
95046	IND
78441	IND
20674	IND
71821	IND
57652	IND
77328	GRP
28562	IND
10725	IND
86853	GRP
65599	OTH
67720	OTH
29871	GRP
24555	GRP
13670	IND
90540	IND
81321	OTH
74479	IND
28436	OTH
44199	GRP
65270	GRP
98653	IND
14880	GRP
93360	IND
41993	GRP
63480	IND
87260	GRP
27148	IND
42106	IND
23593	GRP
12532	IND
58154	GRP
37450	IND
92775	IND
92114	IND
27374	IND
93437	IND
63536	IND
41955	IND
74529	GRP
55349	IND
25339	IND
56071	IND
32667	GRP
59424	IND
28677	IND
20500	IND
26865	IND
98306	IND
78191	IND
67598	GRP
91855	IND
83903	IND
17174	GRP
36808	GRP
51194	IND
65618	IND
10864	IND
58079	IND
99671	IND
25390	GRP
73488	IND
91799	IND
74379	GRP
46424	IND
26430	IND
60075	GRP
81430	IND
58360	IND
71819	IND
64066	IND
33076	IND
12248	IND
87873	GRP
76654	IND
34316	IND
79269	GRP
28509	IND
31646	IND
14668	IND
18226	IND
11200	OTH
10161	IND
11971	IND
23112	OTH
49119	IND
29977	IND
45720	GRP
49407	GRP
70977	IND
79641	IND
42502	GRP
46158	GRP
18381	GRP
66566	GRP
17531	IND
42353	GRP
82164	IND
49109	GRP
25007	GRP
88716	IND
91409	GRP
74426	OTH
36031	OTH
56957	IND
91450	IND
74372	OTH
47998	IND
28156	GRP
49499	IND
18103	IND
53181	IND
43944	IND
42537	GRP
85262	GRP
40019	IND
29985	IND
12719	IND
16450	IND
11856	GRP
69441	IND
12310	GRP
24575	GRP
83918	IND
62148	IND
71527	IND
44826	GRP
69245	GRP
43388	IND
75997	IND
42778	IND
11950	IND
84359	GRP
84187	GRP
35902	IND
74330	IND
81591	GRP
40470	IND
57421	IND
12052	IND
41007	IND
67428	OTH
50688	GRP
77015	IND
72536	GRP
25533	GRP
27335	GRP
74318	IND
66464	IND
35874	GRP
42141	GRP
19303	OTH
60929	IND
29049	IND
80826	IND
16755	IND
93365	IND
23352	GRP
13966	OTH
72803	IND
28296	IND
75968	GRP
38422	IND
63235	GRP
45414	IND
99766	IND
15485	GRP
82223	IND
10238	IND
98538	IND
48692	GRP
40054	IND
15577	GRP
83927	IND
49864	IND
32504	IND
17590	IND
64423	IND
39865	IND
58318	IND
99197	IND
85813	GRP
42594	IND
62926	IND
35683	IND
84074	GRP
42883	GRP
43409	IND
84054	IND
67471	GRP
47552	GRP
76221	IND
90064	GRP
58600	GRP
66104	IND
91479	GRP
30122	IND
68505	IND
85878	IND
13874	GRP
64790	IND
66185	IND
44791	IND
91706	GRP
65418	OTH
32266	IND
83314	OTH
58476	IND
13150	GRP
34027	OTH
63305	IND
74015	GRP
51497	IND
60683	GRP
35211	IND
89826	GRP
98495	GRP
19155	IND
40381	IND
59086	IND
38025	IND
29462	IND
31107	GRP
17971	IND
34698	IND
99287	IND
79227	IND
27769	IND
72836	IND
31263	GRP
76422	GRP
10414	IND
84020	GRP
40934	IND
73619	IND
17581	IND
39211	IND
63140	IND
49816	GRP
42532	IND
78004	GRP
89257	IND
49656	GRP
48221	GRP
53966	GRP
88646	IND
13683	OTH
86962	IND
26402	IND
99057	IND
40662	IND
61616	GRP
64330	IND
74804	IND
12952	IND
73041	IND
37633	IND
60323	GRP
95696	IND
54620	IND
47720	IND
15130	IND
80635	OTH
99547	GRP
70550	GRP
23308	IND
41538	IND
94545	GRP
67585	IND
87451	IND
12791	IND
48185	GRP
24403	IND
35430	IND
42402	IND
64671	IND
46947	GRP
75391	GRP
20599	GRP
51146	GRP
41659	IND
36253	IND
74411	IND
40536	GRP
80505	IND
66995	IND
20144	IND
63492	GRP
16502	GRP
25270	GRP
91468	IND
64417	GRP
51162	IND
59665	OTH
22890	OTH
32374	GRP
30862	GRP
81082	GRP
76327	GRP
21905	GRP
22263	GRP
81640	GRP
75253	IND
54454	GRP
65506	GRP
43851	IND
78274	GRP
52917	IND
90303	GRP
17763	GRP
44577	IND
85715	GRP
16298	GRP
27890	IND
78055	IND
37835	GRP
43764	GRP
73092	IND
86499	IND
41278	GRP
82873	IND
34690	IND
26379	GRP
69013	IND
49837	GRP
23227	IND
45691	IND
41289	IND
25227	IND
49028	IND
49887	GRP
82852	GRP
16886	GRP
91612	IND
22473	IND
71941	IND
66728	GRP
13052	IND
90426	IND
98962	IND
85383	GRP
19119	IND
60876	GRP
99724	GRP
24532	GRP
10867	IND
17796	IND
51509	IND
70493	OTH
10039	IND
62156	IND
11134	GRP
99978	OTH
41477	GRP
81273	IND
71786	GRP
58493	IND
26425	IND
96859	IND
14263	GRP
41272	IND
28949	IND
62195	GRP
15635	GRP
52122	IND
31570	OTH
12842	IND
57718	GRP
81511	GRP
30076	GRP
96114	IND
86091	GRP
45920	IND
51839	IND
81503	IND
19126	IND
29814	OTH
94132	IND
32705	IND
52849	IND
82666	IND
97272	GRP
48976	GRP
25487	IND
83264	OTH
15839	IND
84280	GRP
38576	IND
14684	IND
62457	IND
36435	GRP
23548	OTH
52401	GRP
81827	GRP
53170	IND
40126	OTH
97308	GRP
76336	IND
86824	IND
30893	GRP
55177	GRP
72508	IND
88542	OTH
25738	GRP
49817	GRP
68916	GRP
92156	IND
66862	GRP
19058	IND
82591	IND
10106	OTH
61319	IND
19740	GRP
35276	IND
81226	IND
79256	IND
13114	IND
10256	OTH
65398	IND
68010	GRP
10621	GRP
52042	IND
27118	GRP
79563	IND
50345	GRP
74912	OTH
82193	GRP
41056	IND
14902	IND
15568	GRP
90932	IND
34477	IND
21865	OTH
43806	IND
77521	IND
71401	GRP
31213	GRP
72866	IND
73016	IND
83886	IND
19886	OTH
98403	IND
49519	IND
91705	GRP
92335	GRP
61158	GRP
88278	GRP
96775	IND
37967	GRP
81896	IND
78431	GRP
77001	GRP
56826	IND
64933	IND
71246	OTH
94587	GRP
60140	GRP
46961	GRP
23495	GRP
64170	IND
90619	IND
40559	IND
73258	IND
80183	IND
38487	IND
79787	IND
27483	GRP
81405	IND
10974	IND
69148	IND
44383	GRP
71272	GRP
82657	IND
31194	IND
51418	IND
23565	IND
61875	IND
60719	OTH
65352	IND
99554	IND
31963	OTH
92973	GRP
18315	IND
87496	IND
22919	GRP
67302	GRP
44861	GRP
81502	IND
62718	IND
78851	OTH
63278	GRP
78807	IND
90628	IND
69157	GRP
47202	IND
34080	IND
70403	IND
97185	IND
29363	GRP
29899	IND
39362	IND
83523	GRP
31191	IND
17302	IND
10889	IND
79276	GRP
10444	IND
72318	GRP
94450	GRP
16069	GRP
61248	IND
74446	GRP
44196	GRP
24782	IND
96180	GRP
53375	OTH
38946	IND
25855	IND
33920	IND
96404	OTH
50597	GRP
93368	GRP
37268	IND
64194	IND
40302	IND
18802	IND
48531	GRP
39777	GRP
18097	IND
46058	GRP
33727	IND
28407	GRP
47498	GRP
77482	GRP
79248	GRP
78296	GRP
83833	IND
71901	GRP
84447	IND
79390	IND
77392	IND
29381	IND
49298	IND
51906	GRP
59464	GRP
54652	IND
91057	IND
54021	IND
44811	IND
28027	GRP
87686	IND
26267	IND
68611	IND
37186	IND
31485	IND
63171	IND
51531	IND
36555	GRP
45130	IND
77179	GRP
91264	IND
91889	IND
87429	OTH
50073	IND
78924	IND
42517	GRP
15888	IND
74520	GRP
62223	GRP
57048	IND
36705	IND
11777	IND
53285	IND
45588	OTH
62896	IND
74460	GRP
19240	IND
90425	IND
61702	IND
74551	IND
10092	GRP
13824	IND
19626	IND
32870	IND
47283	IND
56421	IND
29672	IND
94286	GRP
11554	IND
55870	IND
44803	GRP
76661	IND
69479	IND
17480	IND
75946	GRP
54013	GRP
17565	IND
36961	GRP
97912	GRP
51937	IND
36427	IND
43439	IND
63466	GRP
67263	OTH
39824	OTH
98896	IND
16839	IND
81683	IND
20292	GRP
15656	IND
42482	OTH
13877	IND
23114	IND
60250	IND
39480	GRP
32417	IND
66457	IND
21442	IND
61200	IND
98223	IND
40606	IND
73869	IND
30593	IND
55005	IND
15926	IND
44471	IND
87051	IND
97924	IND
25540	IND
66869	GRP
70844	IND
19907	IND
34711	GRP
36284	GRP
15112	IND
62840	GRP
66487	IND
21485	GRP
30937	GRP
47947	IND
71775	GRP
92284	GRP
65400	GRP
27889	IND
54522	IND
65323	GRP
58703	IND
56989	IND
83095	IND
47583	IND
20619	IND
97490	GRP
33290	IND
97578	IND
39701	GRP
43528	GRP
13906	IND
76467	GRP
33578	IND
66351	GRP
33019	GRP
46049	OTH
19069	GRP
48637	OTH
11589	IND
80192	GRP
91816	GRP
39036	GRP
61363	GRP
52370	OTH
23564	IND
64188	GRP
57651	IND
44654	GRP
87524	IND
64374	IND
89366	GRP
22519	IND
46048	OTH
96384	IND
51297	IND
84107	GRP
17197	GRP
16218	GRP
99246	IND
69559	IND
16183	GRP
27991	IND
66082	IND
20030	IND
69790	OTH
28181	GRP
11093	IND
25377	IND
74927	IND
71268	IND
62686	IND
78618	GRP
18186	GRP
79058	GRP
80706	GRP
65182	IND
91002	GRP
47078	GRP
58215	GRP
82672	IND
66279	IND
85553	GRP
82023	IND
43619	IND
98757	GRP
93313	OTH
64441	IND
32200	IND
60939	IND
63840	GRP
11865	IND
97312	IND
74555	GRP
65081	IND
11494	OTH
53803	IND
69898	IND
24415	GRP
35474	IND
31242	IND
44940	GRP
20384	IND
24493	GRP
40619	IND
21336	GRP
71493	GRP
62612	GRP
35651	IND
90150	OTH
62393	IND
70288	GRP
40131	IND
36339	IND
24151	IND
76414	IND
52388	IND
61513	IND
92373	GRP
84702	IND
19954	GRP
81420	IND
99161	IND
61904	IND
23193	IND
46354	IND
10054	IND
92277	OTH
46365	GRP
88002	IND
40597	IND
76187	GRP
34900	IND
61760	IND
51828	IND
55574	IND
15570	IND
80375	IND
74840	GRP
97389	IND
45033	IND
36817	GRP
86742	IND
21220	GRP
15731	OTH
23029	IND
36578	GRP
49549	IND
16410	IND
80114	GRP
48870	IND
11305	IND
45985	IND
88866	IND
67709	IND
59929	GRP
61109	IND
80372	GRP
32697	IND
12136	GRP
65267	IND
21177	OTH
73648	GRP
68791	IND
91187	IND
83283	GRP
95345	IND
90412	GRP
24188	IND
16776	GRP
24163	GRP
16452	IND
68655	IND
47662	IND
78604	IND
20456	GRP
78758	IND
65370	IND
46437	IND
87955	GRP
72873	OTH
72323	IND
64838	IND
37089	IND
80158	IND
20776	GRP
53020	GRP
11104	IND
51041	IND
80671	IND
78456	GRP
22837	IND
59567	GRP
44879	IND
57819	IND
42300	IND
91935	IND
33734	GRP
78573	GRP
55009	IND
99396	GRP
33003	IND
45686	IND
99667	GRP
24462	GRP
61901	GRP
97783	IND
68548	IND
59861	OTH
14657	IND
96366	IND
67511	GRP
65402	GRP
49433	GRP
12840	GRP
92674	GRP
56430	IND
82767	IND
13316	GRP
44573	IND
26357	IND
97258	GRP
32754	GRP
66452	IND
25385	IND
82616	IND
39893	GRP
73270	IND
74541	IND
49468	IND
17773	IND
53980	IND
87193	IND
19432	IND
11805	GRP
37123	GRP
55254	GRP
52085	GRP
37632	OTH
24268	IND
41812	IND
70993	IND
73227	IND
85714	IND
53393	OTH
22388	IND
77680	GRP
51664	IND
74550	IND
13602	GRP
78188	IND
84118	OTH
12327	GRP
63839	IND
80097	IND
77255	IND
44031	GRP
94418	IND
89602	IND
26495	IND
40193	GRP
54316	IND
96815	GRP
31547	IND
89659	OTH
63003	IND
86698	IND
17153	IND
39156	IND
62891	IND
86757	IND
99208	GRP
48083	GRP
15589	GRP
82716	GRP
24235	IND
92478	IND
20257	IND
19694	GRP
97943	IND
42732	GRP
13388	IND
11975	OTH
12747	OTH
55366	IND
72884	GRP
39039	GRP
42224	IND
75971	IND
36473	IND
73659	IND
85173	IND
63385	IND
76828	GRP
43884	IND
76020	OTH
23195	IND
11924	IND
30186	IND
48232	IND
32824	IND
11628	IND
83202	IND
14655	IND
18931	GRP
77459	GRP
88200	IND
33624	IND
73197	GRP
28037	IND
79156	IND
84367	IND
84499	IND
50151	IND
19742	IND
36225	IND
59918	IND
37666	GRP
16225	GRP
50445	IND
83365	GRP
28748	IND
85250	IND
37397	IND
86716	IND
66832	IND
93164	IND
63482	GRP
87416	GRP
95338	GRP
82921	GRP
