id	subtask_b
10008	TIN
10092	TIN
10181	TIN
10460	TIN
10555	TIN
10605	TIN
10619	TIN
10621	TIN
10665	TIN
10703	TIN
10725	UNT
10790	TIN
11134	TIN
11200	TIN
11271	TIN
11275	TIN
11282	TIN
11283	TIN
11326	TIN
11396	TIN
11409	TIN
11411	TIN
11494	TIN
11554	TIN
11581	TIN
11650	TIN
11746	TIN
11777	TIN
11886	TIN
11971	TIN
11975	TIN
12136	TIN
12223	TIN
12310	TIN
12324	TIN
12609	TIN
12681	TIN
12758	TIN
12952	TIN
12977	TIN
13047	TIN
13114	TIN
13316	TIN
13388	TIN
13624	TIN
13641	TIN
13683	TIN
13872	TIN
13874	TIN
13964	TIN
13966	TIN
14234	TIN
14263	TIN
14289	TIN
14424	TIN
14616	TIN
14684	TIN
14726	TIN
14758	TIN
14808	TIN
14880	TIN
15197	TIN
15251	TIN
15345	TIN
15354	TIN
15402	TIN
15485	TIN
15570	TIN
15577	TIN
15618	TIN
15731	TIN
15835	TIN
15876	TIN
16183	TIN
16289	TIN
16298	TIN
16410	TIN
16577	TIN
16833	TIN
16885	TIN
16886	TIN
16893	TIN
16945	TIN
17174	TIN
17258	TIN
17314	TIN
17332	TIN
17391	TIN
17531	TIN
17565	TIN
17590	TIN
17661	TIN
17773	TIN
17779	TIN
18029	TIN
18097	TIN
18102	TIN
18151	TIN
18186	TIN
18220	TIN
18455	TIN
18456	TIN
18519	TIN
18547	TIN
18688	UNT
18821	UNT
18912	TIN
18935	TIN
18987	TIN
19061	TIN
19155	TIN
19237	TIN
19249	TIN
19906	TIN
20030	TIN
20123	TIN
20413	TIN
20540	TIN
20570	TIN
20599	TIN
20612	TIN
20729	TIN
20751	TIN
20764	TIN
20777	TIN
20801	TIN
20963	TIN
20976	TIN
21106	TIN
21206	TIN
21229	TIN
21315	TIN
21442	TIN
21478	TIN
21485	TIN
21521	TIN
21541	TIN
21564	TIN
21610	TIN
21728	TIN
21790	TIN
21932	UNT
22102	TIN
22130	TIN
22207	TIN
22263	TIN
22303	TIN
22373	TIN
22481	UNT
22662	TIN
22694	TIN
22728	TIN
22866	TIN
22946	TIN
22986	TIN
23084	TIN
23112	TIN
23116	TIN
23139	TIN
23152	TIN
23228	TIN
23308	TIN
23311	TIN
23352	TIN
23366	TIN
23495	TIN
23593	TIN
23809	TIN
23868	TIN
23916	TIN
24129	TIN
24163	TIN
24170	TIN
24188	TIN
24259	UNT
24268	TIN
24283	TIN
24354	TIN
24454	TIN
24462	TIN
24493	TIN
24498	TIN
24509	TIN
24555	TIN
24698	TIN
24755	TIN
25019	TIN
25030	TIN
25145	TIN
25214	TIN
25270	TIN
25291	TIN
25384	TIN
25385	TIN
25418	TIN
25737	TIN
25808	UNT
25944	TIN
25990	TIN
26105	TIN
26203	TIN
26229	TIN
26243	TIN
26267	TIN
26274	TIN
26284	TIN
26425	TIN
26488	UNT
26587	TIN
26623	TIN
26816	TIN
27076	TIN
27133	TIN
27150	TIN
27335	TIN
27420	TIN
27456	TIN
27483	TIN
27535	TIN
27669	TIN
27802	TIN
27819	TIN
28067	TIN
28156	TIN
28169	TIN
28371	TIN
28407	TIN
28503	TIN
28564	UNT
28812	TIN
28829	TIN
28857	TIN
28907	TIN
28980	TIN
29049	TIN
29111	TIN
29140	TIN
29176	TIN
29363	TIN
29510	TIN
29558	TIN
29565	TIN
29634	TIN
29650	TIN
29688	TIN
29727	TIN
29730	TIN
30292	TIN
30390	TIN
30411	TIN
30471	TIN
30804	TIN
30811	TIN
30846	TIN
30862	TIN
30890	TIN
30893	TIN
31114	TIN
31180	TIN
31213	TIN
31229	TIN
31311	TIN
31562	TIN
31566	TIN
31646	TIN
31745	TIN
31963	TIN
31996	TIN
32028	TIN
32036	TIN
32236	TIN
32310	TIN
32729	TIN
32776	TIN
32916	TIN
33014	TIN
33032	TIN
33913	TIN
33920	TIN
34111	TIN
34157	TIN
34301	UNT
34422	TIN
34447	TIN
34459	TIN
34477	UNT
34510	TIN
34522	TIN
34640	TIN
34660	TIN
34694	TIN
34711	TIN
34942	TIN
35133	TIN
35384	TIN
35483	TIN
35533	TIN
35688	TIN
35726	TIN
35786	TIN
35817	TIN
35874	TIN
35983	TIN
36031	TIN
36200	TIN
36244	TIN
36284	TIN
36289	TIN
36424	UNT
36435	TIN
36555	TIN
36654	TIN
36808	TIN
37089	TIN
37450	TIN
37576	TIN
37666	TIN
37835	TIN
37859	TIN
37925	TIN
38370	TIN
38393	TIN
38408	TIN
38431	TIN
38487	TIN
38576	TIN
38911	TIN
38942	TIN
38951	TIN
39225	TIN
39237	TIN
39256	TIN
39356	TIN
39364	TIN
39469	TIN
39490	TIN
39492	TIN
39663	TIN
39701	TIN
39784	TIN
39824	TIN
39893	TIN
40010	TIN
40126	TIN
40152	TIN
40207	TIN
40262	TIN
40316	TIN
40381	TIN
40412	TIN
40489	TIN
40752	TIN
40813	TIN
40821	TIN
40951	TIN
40962	TIN
41059	TIN
41061	TIN
41114	TIN
41131	TIN
41226	TIN
41268	TIN
41272	TIN
41277	TIN
41278	TIN
41379	TIN
41659	TIN
41918	TIN
41993	TIN
42031	TIN
42038	TIN
42088	TIN
42133	TIN
42141	TIN
42234	TIN
42249	TIN
42335	TIN
42343	TIN
42353	TIN
42456	TIN
42514	TIN
42517	TIN
42537	TIN
42883	TIN
43009	TIN
43322	TIN
43335	TIN
43528	TIN
43641	TIN
43966	TIN
44015	TIN
44056	TIN
44143	TIN
44170	UNT
44298	TIN
44307	TIN
44383	TIN
44391	TIN
44471	TIN
44584	TIN
44612	TIN
44654	TIN
44656	UNT
44825	TIN
44826	TIN
44861	TIN
44940	TIN
45000	TIN
45019	TIN
45025	TIN
45045	TIN
45521	TIN
45541	TIN
45589	TIN
45697	TIN
45720	TIN
45756	TIN
45879	TIN
45985	TIN
46049	UNT
46168	TIN
46191	TIN
46365	TIN
46437	TIN
46591	TIN
46709	TIN
46725	TIN
46947	TIN
46987	TIN
47009	TIN
47088	TIN
47202	TIN
47583	TIN
47639	TIN
47667	TIN
47706	TIN
47716	TIN
47749	TIN
47852	TIN
47922	TIN
47943	TIN
48017	TIN
48118	TIN
48185	TIN
48236	TIN
48299	TIN
48421	TIN
48474	TIN
48531	TIN
48593	TIN
48645	TIN
48660	TIN
48871	TIN
48939	TIN
48976	UNT
49045	TIN
49109	TIN
49178	TIN
49298	TIN
49396	TIN
49407	TIN
49504	TIN
49656	TIN
49736	TIN
49760	TIN
49777	TIN
49816	TIN
49817	TIN
49837	TIN
49843	TIN
50050	UNT
50099	TIN
50275	TIN
50390	TIN
50431	TIN
50443	TIN
50482	TIN
50490	TIN
50500	TIN
50681	TIN
50752	TIN
50874	TIN
50919	TIN
50936	TIN
50999	TIN
51015	TIN
51029	TIN
51072	TIN
51085	TIN
51146	TIN
51153	TIN
51203	TIN
51452	TIN
51557	TIN
51593	TIN
51613	TIN
51687	TIN
52026	TIN
52082	TIN
52085	TIN
52252	UNT
52292	TIN
52370	TIN
52415	TIN
52515	TIN
52719	TIN
52937	UNT
53003	TIN
53020	TIN
53108	TIN
53538	TIN
53564	TIN
53591	TIN
53662	TIN
53781	TIN
53785	TIN
53883	TIN
53994	TIN
53995	TIN
54013	TIN
54377	TIN
54454	TIN
54532	TIN
54841	TIN
54897	UNT
54898	TIN
54970	TIN
55005	UNT
55028	TIN
55116	TIN
55248	TIN
55287	TIN
55366	TIN
55729	TIN
55806	TIN
55865	TIN
55870	TIN
55967	TIN
56068	TIN
56181	TIN
56408	TIN
56430	TIN
56657	TIN
56694	TIN
56815	TIN
56974	TIN
57096	TIN
57355	TIN
57622	TIN
57630	TIN
57632	TIN
57660	TIN
57671	TIN
57695	TIN
57819	TIN
57952	TIN
58011	UNT
58154	TIN
58215	TIN
58379	TIN
58418	TIN
58552	UNT
58576	TIN
58600	TIN
58613	TIN
58670	TIN
58703	TIN
59002	TIN
59326	TIN
59483	TIN
59555	TIN
59598	TIN
59639	TIN
59665	TIN
59696	TIN
59703	TIN
59875	TIN
60054	TIN
60075	TIN
60091	TIN
60140	TIN
60283	TIN
60323	TIN
60513	TIN
60631	TIN
60683	TIN
60779	TIN
60876	TIN
61195	TIN
61302	TIN
61363	TIN
61402	TIN
61513	TIN
61533	UNT
61578	TIN
61734	TIN
61737	TIN
61756	TIN
61788	TIN
61901	TIN
62072	UNT
62142	TIN
62148	TIN
62169	TIN
62195	TIN
62223	TIN
62557	TIN
62585	TIN
62650	TIN
62665	TIN
62686	TIN
62826	TIN
62862	TIN
62953	TIN
63069	TIN
63168	TIN
63305	TIN
63371	TIN
63416	TIN
63466	TIN
63476	TIN
63482	UNT
63524	TIN
63536	TIN
63657	UNT
63761	TIN
63840	TIN
63880	TIN
63886	TIN
63908	UNT
64091	TIN
64168	TIN
64188	TIN
64189	TIN
64242	UNT
64273	TIN
64278	TIN
64429	UNT
64441	TIN
64448	TIN
64496	TIN
64544	TIN
64659	TIN
64745	TIN
65143	TIN
65182	TIN
65285	TIN
65296	TIN
65323	TIN
65340	TIN
65385	TIN
65400	TIN
65418	TIN
65506	TIN
65599	TIN
65741	TIN
65781	TIN
65816	TIN
65831	TIN
65856	TIN
65922	TIN
66023	TIN
66125	TIN
66127	TIN
66188	TIN
66279	TIN
66351	TIN
66385	TIN
66398	TIN
66585	TIN
66631	TIN
66673	TIN
66728	TIN
66754	TIN
66781	TIN
66845	TIN
66862	TIN
66869	TIN
67127	TIN
67167	TIN
67265	TIN
67302	TIN
67391	TIN
67428	TIN
67471	TIN
67511	TIN
67585	TIN
67598	TIN
67694	TIN
67880	TIN
68010	TIN
68124	TIN
68297	TIN
68647	TIN
68655	TIN
68698	TIN
68916	TIN
69013	TIN
69106	TIN
69218	TIN
69245	TIN
69271	TIN
69390	TIN
69417	TIN
69441	TIN
69815	TIN
69914	TIN
70014	TIN
70158	TIN
70164	TIN
70231	TIN
70288	TIN
70315	TIN
70322	UNT
70368	TIN
70446	TIN
70493	TIN
70525	TIN
70550	TIN
70566	TIN
71212	TIN
71272	TIN
71428	TIN
71524	TIN
71552	TIN
71603	TIN
71717	TIN
71775	TIN
71819	TIN
71821	TIN
71901	TIN
71908	TIN
71984	TIN
71996	TIN
72010	TIN
72024	TIN
72124	TIN
72139	TIN
72490	TIN
72536	TIN
72688	TIN
72836	TIN
72873	TIN
73021	TIN
73118	TIN
73241	TIN
73285	TIN
73496	TIN
73505	TIN
73561	TIN
73648	TIN
73710	TIN
73770	TIN
74004	TIN
74011	TIN
74066	TIN
74118	TIN
74245	TIN
74372	TIN
74446	TIN
74460	TIN
74509	TIN
74575	UNT
74577	TIN
74733	TIN
74804	TIN
74924	TIN
75175	TIN
75411	TIN
75449	TIN
75502	TIN
75507	TIN
75809	TIN
75946	TIN
76034	TIN
76187	TIN
76327	TIN
76414	TIN
76440	TIN
76643	TIN
76661	TIN
76709	TIN
76807	TIN
76828	TIN
76860	TIN
76951	TIN
76994	TIN
77001	TIN
77021	TIN
77089	TIN
77105	TIN
77180	TIN
77307	TIN
77328	TIN
77343	TIN
77403	TIN
77406	TIN
77459	TIN
77482	TIN
77601	TIN
77651	TIN
77863	UNT
78008	TIN
78252	UNT
78274	TIN
78296	TIN
78431	TIN
78456	TIN
78458	TIN
78539	TIN
78556	TIN
78573	TIN
78618	TIN
78650	TIN
78670	TIN
78851	TIN
78943	TIN
79023	TIN
79047	TIN
79122	TIN
79130	TIN
79156	TIN
79313	TIN
79379	TIN
79483	TIN
79923	TIN
79972	TIN
80034	TIN
80099	TIN
80114	TIN
80192	TIN
80291	TIN
80342	TIN
80461	TIN
80777	TIN
80940	TIN
80969	TIN
81082	TIN
81124	TIN
81179	UNT
81226	TIN
81239	TIN
81405	TIN
81418	TIN
81553	TIN
81571	TIN
81640	TIN
81733	TIN
81786	TIN
81793	TIN
81801	TIN
81827	TIN
81851	TIN
81856	TIN
81896	TIN
82085	UNT
82106	TIN
82164	TIN
82183	TIN
82193	TIN
82256	TIN
82293	TIN
82339	UNT
82355	TIN
82428	TIN
82489	UNT
82591	TIN
82598	TIN
82607	UNT
82618	TIN
82685	TIN
82687	TIN
82873	TIN
82904	TIN
82989	UNT
83018	TIN
83095	TIN
83182	TIN
83216	TIN
83274	TIN
83283	TIN
83365	TIN
83407	TIN
83457	TIN
83523	TIN
83731	TIN
83754	TIN
83756	TIN
83758	TIN
83772	TIN
83788	TIN
83810	TIN
83844	TIN
83927	TIN
83941	TIN
84055	TIN
84092	UNT
84102	TIN
84107	TIN
84236	TIN
84280	TIN
84359	TIN
84361	TIN
84447	TIN
84452	TIN
84508	TIN
84594	TIN
84629	TIN
84737	TIN
84770	TIN
84775	TIN
84894	TIN
85067	TIN
85087	UNT
85173	TIN
85190	TIN
85257	TIN
85262	TIN
85409	TIN
85481	TIN
85714	TIN
85715	TIN
85813	TIN
86186	TIN
86554	TIN
86690	TIN
86698	TIN
86753	TIN
86788	TIN
86853	TIN
86920	TIN
87033	TIN
87045	TIN
87056	TIN
87251	TIN
87260	TIN
87289	TIN
87300	TIN
87329	TIN
87399	TIN
87400	TIN
87407	TIN
87416	TIN
87524	TIN
87535	TIN
87713	TIN
87719	UNT
87737	TIN
87955	TIN
88054	TIN
88186	UNT
88278	TIN
88300	TIN
88585	UNT
88716	TIN
88866	TIN
88903	TIN
88927	TIN
89012	TIN
89187	TIN
89422	TIN
89474	TIN
89600	UNT
89659	TIN
89665	TIN
89781	TIN
89826	TIN
89959	TIN
89988	TIN
90034	TIN
90142	TIN
90232	TIN
90586	TIN
90594	TIN
90618	TIN
90654	UNT
90679	TIN
90712	TIN
90802	TIN
90804	TIN
90829	TIN
91002	TIN
91012	TIN
91233	TIN
91306	TIN
91409	TIN
91468	TIN
91479	TIN
91705	TIN
91889	TIN
91907	TIN
92129	TIN
92284	TIN
92371	TIN
92373	TIN
92379	TIN
92958	TIN
93004	TIN
93168	TIN
93181	TIN
93313	TIN
93328	TIN
93610	TIN
93727	TIN
94064	TIN
94070	TIN
94071	TIN
94142	TIN
94146	TIN
94226	TIN
94286	TIN
94310	TIN
94450	TIN
94545	TIN
94737	TIN
94910	TIN
95077	TIN
95224	UNT
95412	TIN
95547	TIN
95617	UNT
95860	TIN
95923	TIN
95958	TIN
96114	TIN
96180	TIN
96384	TIN
96437	UNT
96559	TIN
96789	TIN
96947	TIN
96986	TIN
97052	UNT
97210	TIN
97258	TIN
97272	TIN
97694	TIN
97695	TIN
97704	TIN
97778	UNT
97780	TIN
97831	TIN
97916	TIN
97936	TIN
98054	TIN
98174	UNT
98220	TIN
98230	TIN
98294	TIN
98344	TIN
98387	TIN
98407	TIN
98521	TIN
98631	TIN
98731	TIN
98757	TIN
98793	TIN
98927	TIN
98976	TIN
99057	UNT
99111	TIN
99186	TIN
99216	TIN
99246	TIN
99284	TIN
99396	TIN
99672	TIN
99712	TIN
99720	TIN
99729	TIN
99832	UNT
99912	TIN
99915	TIN
99978	TIN
10009	TIN
10032	TIN
10039	TIN
10054	TIN
10057	TIN
10087	UNT
10106	TIN
10133	TIN
10142	TIN
10161	TIN
10189	TIN
10238	TIN
10256	TIN
10293	TIN
10303	TIN
10309	TIN
10414	TIN
10420	TIN
10444	TIN
10507	TIN
10540	TIN
10587	TIN
10653	TIN
10670	TIN
10719	TIN
10734	TIN
10787	TIN
10794	TIN
10825	UNT
10843	TIN
10864	TIN
10867	TIN
10889	TIN
10922	TIN
10974	TIN
10981	TIN
11007	TIN
11027	TIN
11046	TIN
11048	TIN
11090	TIN
11093	UNT
11104	TIN
11127	TIN
11188	TIN
11305	TIN
11327	TIN
11347	TIN
11348	TIN
11356	TIN
11362	TIN
11402	TIN
11438	TIN
11541	TIN
11589	TIN
11618	TIN
11628	TIN
11640	TIN
11671	TIN
11805	TIN
11810	TIN
11823	TIN
11865	TIN
11881	TIN
11924	TIN
11950	TIN
12052	TIN
12068	TIN
12084	TIN
12101	TIN
12108	TIN
12117	TIN
12178	TIN
12182	TIN
12221	TIN
12248	TIN
12295	TIN
12327	TIN
12333	TIN
12344	TIN
12391	TIN
12422	TIN
12490	TIN
12532	TIN
12587	TIN
12602	TIN
12670	TIN
12695	TIN
12706	TIN
12719	TIN
12747	TIN
12748	TIN
12774	TIN
12791	TIN
12796	TIN
12812	TIN
12842	TIN
12851	TIN
12856	TIN
12897	TIN
12935	UNT
12987	UNT
13049	TIN
13052	TIN
13064	TIN
13075	TIN
13088	UNT
13126	TIN
13150	TIN
13324	TIN
13336	TIN
13384	TIN
13425	TIN
13473	TIN
13566	TIN
13602	TIN
13629	TIN
13670	TIN
13698	TIN
13720	TIN
13725	TIN
13761	TIN
13794	TIN
13824	TIN
13841	TIN
13877	TIN
13906	TIN
13962	TIN
14005	UNT
14067	UNT
14077	UNT
14102	TIN
14116	TIN
14118	TIN
14131	TIN
14271	TIN
14285	UNT
14336	TIN
14396	TIN
14486	TIN
14512	TIN
14655	TIN
14657	UNT
14668	TIN
14848	TIN
14877	UNT
14879	TIN
14902	TIN
14929	TIN
14992	TIN
14997	TIN
15112	TIN
15119	TIN
15130	UNT
15135	TIN
15286	TIN
15353	TIN
15375	TIN
15435	UNT
15446	TIN
15548	TIN
15568	TIN
15589	TIN
15635	TIN
15636	TIN
15656	TIN
15694	TIN
15817	TIN
15823	TIN
15834	TIN
15836	TIN
15839	TIN
15888	TIN
15892	TIN
15922	TIN
15926	TIN
15936	TIN
15947	TIN
15954	TIN
15991	TIN
16069	TIN
16097	TIN
16105	TIN
16142	TIN
16162	TIN
16191	TIN
16218	TIN
16225	TIN
16251	TIN
16278	TIN
16387	TIN
16450	TIN
16452	TIN
16462	TIN
16502	TIN
16545	TIN
16579	TIN
16590	UNT
16645	TIN
16666	TIN
16691	TIN
16736	TIN
16742	TIN
16743	TIN
16755	TIN
16774	TIN
16776	TIN
16839	TIN
16868	TIN
16903	TIN
16904	TIN
16922	TIN
17153	TIN
17191	TIN
17197	TIN
17283	TIN
17302	TIN
17338	TIN
17387	UNT
17410	TIN
17420	TIN
17480	TIN
17564	TIN
17581	TIN
17595	TIN
17605	TIN
17756	TIN
17769	TIN
17787	TIN
17796	TIN
17811	TIN
17890	TIN
17891	TIN
17898	TIN
17914	UNT
17971	TIN
18065	UNT
18083	TIN
18103	TIN
18205	TIN
18206	TIN
18226	TIN
18240	TIN
18252	TIN
18318	TIN
18381	TIN
18445	TIN
18448	UNT
18518	TIN
18626	TIN
18696	TIN
18702	TIN
18720	TIN
18787	TIN
18802	TIN
18834	TIN
18948	TIN
19058	TIN
19073	TIN
19091	TIN
19119	TIN
19126	UNT
19145	TIN
19179	TIN
19183	TIN
19240	TIN
19267	TIN
19289	TIN
19303	TIN
19311	TIN
19314	TIN
19340	TIN
19432	TIN
19514	TIN
19520	TIN
19521	TIN
19545	TIN
19594	TIN
19626	TIN
19648	TIN
19659	TIN
19675	TIN
19694	TIN
19742	TIN
19813	UNT
19819	TIN
19907	TIN
19954	TIN
20038	TIN
20136	TIN
20144	TIN
20222	TIN
20232	TIN
20235	TIN
20238	TIN
20253	TIN
20257	TIN
20292	TIN
20322	TIN
20384	TIN
20434	TIN
20456	TIN
20490	TIN
20500	TIN
20506	TIN
20512	TIN
20554	TIN
20559	TIN
20561	TIN
20619	TIN
20633	TIN
20646	TIN
20674	TIN
20691	TIN
20722	TIN
20770	TIN
20776	TIN
20840	TIN
20901	TIN
20983	TIN
21047	TIN
21059	TIN
21095	TIN
21146	TIN
21148	TIN
21151	TIN
21220	TIN
21223	UNT
21336	TIN
21379	TIN
21422	TIN
21487	TIN
21536	TIN
21552	TIN
21615	TIN
21647	TIN
21649	TIN
21734	TIN
21763	UNT
21767	TIN
21791	TIN
21803	TIN
21861	TIN
21865	TIN
21967	TIN
22052	TIN
22062	TIN
22137	TIN
22174	TIN
22175	TIN
22185	UNT
22202	TIN
22243	TIN
22260	TIN
22371	TIN
22388	UNT
22450	TIN
22473	TIN
22492	TIN
22519	TIN
22707	TIN
22712	TIN
22715	UNT
22718	UNT
22767	UNT
22784	TIN
22822	TIN
22837	UNT
22890	TIN
22907	TIN
22958	TIN
22963	TIN
23029	TIN
23114	TIN
23193	TIN
23195	TIN
23214	UNT
23227	UNT
23394	TIN
23522	TIN
23548	UNT
23560	TIN
23564	TIN
23565	TIN
23664	TIN
23667	TIN
23818	TIN
23902	TIN
23969	TIN
24151	TIN
24172	TIN
24186	TIN
24229	TIN
24235	TIN
24276	TIN
24298	TIN
24376	TIN
24403	TIN
24415	TIN
24516	TIN
24532	TIN
24552	TIN
24561	TIN
24575	TIN
24621	TIN
24726	TIN
24774	TIN
24782	TIN
24879	TIN
24894	TIN
24918	TIN
24962	TIN
24967	TIN
25007	TIN
25082	TIN
25180	TIN
25227	TIN
25259	TIN
25305	TIN
25306	TIN
25338	TIN
25339	TIN
25390	TIN
25430	TIN
25469	TIN
25472	TIN
25487	TIN
25519	TIN
25533	TIN
25540	TIN
25625	TIN
25720	TIN
25791	TIN
25801	TIN
25835	TIN
25855	TIN
25913	TIN
25970	TIN
26050	TIN
26109	TIN
26169	UNT
26174	TIN
26180	TIN
26246	TIN
26277	TIN
26310	TIN
26317	TIN
26346	TIN
26365	TIN
26368	UNT
26379	TIN
26402	TIN
26424	TIN
26430	TIN
26435	TIN
26447	TIN
26457	TIN
26490	TIN
26495	TIN
26528	TIN
26572	UNT
26636	TIN
26674	UNT
26708	UNT
26740	TIN
26748	TIN
26773	UNT
26787	TIN
26792	TIN
26844	TIN
26865	TIN
26869	TIN
26889	TIN
26918	TIN
26961	TIN
26975	TIN
27002	TIN
27008	TIN
27118	TIN
27148	TIN
27161	TIN
27176	TIN
27203	TIN
27207	TIN
27243	TIN
27269	TIN
27304	TIN
27350	TIN
27374	TIN
27391	UNT
27502	TIN
27510	TIN
27553	TIN
27617	TIN
27631	TIN
27680	TIN
27700	TIN
27769	TIN
27795	TIN
27816	TIN
27889	UNT
27890	TIN
27991	TIN
28027	TIN
28037	TIN
28057	TIN
28150	TIN
28166	TIN
28181	TIN
28260	TIN
28296	TIN
28403	TIN
28414	TIN
28428	TIN
28436	TIN
28483	TIN
28509	TIN
28517	TIN
28518	TIN
28562	TIN
28653	TIN
28660	TIN
28677	TIN
28679	TIN
28698	TIN
28748	TIN
28831	TIN
28841	TIN
28924	TIN
28949	TIN
29022	TIN
29024	TIN
29152	TIN
29157	TIN
29166	TIN
29199	TIN
29297	UNT
29381	UNT
29462	TIN
29481	TIN
29497	TIN
29523	TIN
29563	UNT
29608	TIN
29651	TIN
29672	UNT
29695	TIN
29701	TIN
29839	TIN
29880	TIN
29899	TIN
29916	TIN
29954	TIN
29977	TIN
29985	TIN
29999	UNT
30076	TIN
30085	UNT
30093	TIN
30103	TIN
30122	TIN
30162	TIN
30186	UNT
30213	TIN
30219	TIN
30245	TIN
30254	TIN
30284	TIN
30311	UNT
30333	TIN
30337	UNT
30426	TIN
30464	TIN
30478	TIN
30524	TIN
30593	TIN
30598	TIN
30611	TIN
30680	TIN
30740	TIN
30838	TIN
30844	TIN
30972	TIN
31019	TIN
31027	TIN
31046	TIN
31107	TIN
31185	TIN
31191	TIN
31194	TIN
31196	TIN
31240	TIN
31242	TIN
31252	TIN
31263	TIN
31282	TIN
31315	TIN
31397	TIN
31480	UNT
31485	UNT
31491	TIN
31493	TIN
31500	UNT
31514	TIN
31527	TIN
31547	TIN
31588	TIN
31616	TIN
31639	TIN
31668	TIN
31714	TIN
31757	TIN
31793	TIN
31845	TIN
31853	UNT
31912	TIN
31931	TIN
31945	TIN
31987	TIN
32011	TIN
32034	TIN
32074	TIN
32082	TIN
32094	TIN
32097	TIN
32139	TIN
32143	TIN
32148	TIN
32192	TIN
32200	TIN
32266	TIN
32309	TIN
32322	TIN
32374	TIN
32384	UNT
32416	TIN
32417	TIN
32504	TIN
32524	TIN
32534	TIN
32539	UNT
32653	UNT
32666	TIN
32667	TIN
32697	TIN
32717	TIN
32754	TIN
32786	TIN
32824	TIN
32870	TIN
32894	TIN
32897	TIN
32990	TIN
33003	TIN
33019	TIN
33048	TIN
33058	TIN
33076	TIN
33096	TIN
33110	UNT
33117	UNT
33148	TIN
33194	TIN
33232	UNT
33283	TIN
33290	TIN
33301	TIN
33366	TIN
33566	TIN
33578	TIN
33592	TIN
33600	TIN
33624	TIN
33627	TIN
33670	TIN
33684	UNT
33734	UNT
33810	TIN
33845	TIN
33919	TIN
33983	TIN
34017	TIN
34027	TIN
34080	TIN
34128	TIN
34182	TIN
34193	TIN
34204	TIN
34316	TIN
34317	TIN
34334	TIN
34366	TIN
34378	TIN
34443	TIN
34571	TIN
34596	TIN
34690	TIN
34708	TIN
34819	TIN
34899	TIN
34900	TIN
34943	UNT
34986	TIN
35003	TIN
35022	TIN
35084	TIN
35109	TIN
35139	TIN
35183	TIN
35211	TIN
35216	TIN
35240	TIN
35248	UNT
35308	TIN
35359	TIN
35419	TIN
35430	TIN
35474	TIN
35566	TIN
35651	TIN
35683	TIN
35710	TIN
35753	TIN
35819	TIN
35823	TIN
35878	TIN
35902	TIN
35933	TIN
35959	TIN
36038	TIN
36039	TIN
36049	TIN
36059	UNT
36163	TIN
36194	TIN
36206	TIN
36225	TIN
36226	TIN
36286	UNT
36326	UNT
36339	TIN
36343	TIN
36350	TIN
36373	UNT
36427	TIN
36473	TIN
36520	TIN
36537	TIN
36578	TIN
36639	TIN
36646	TIN
36697	TIN
36701	TIN
36705	TIN
36789	UNT
36791	TIN
36795	TIN
36817	TIN
36883	TIN
36907	TIN
37020	TIN
37068	TIN
37110	TIN
37123	TIN
37149	TIN
37186	TIN
37204	TIN
37218	TIN
37239	TIN
37263	TIN
37268	TIN
37397	TIN
37517	UNT
37524	TIN
37598	UNT
37604	UNT
37633	TIN
37685	TIN
37692	TIN
37694	TIN
37753	TIN
37761	TIN
37828	TIN
37844	TIN
37881	TIN
37896	TIN
37906	TIN
38005	TIN
38025	TIN
38043	TIN
38062	TIN
38116	TIN
38143	TIN
38181	TIN
38231	TIN
38235	TIN
38294	UNT
38296	UNT
38360	TIN
38374	TIN
38416	UNT
38422	TIN
38444	TIN
38450	TIN
38692	TIN
38700	TIN
38709	TIN
38764	TIN
38806	TIN
38827	TIN
38946	TIN
38952	TIN
38954	TIN
39021	TIN
39039	TIN
39124	TIN
39156	TIN
39162	TIN
39211	TIN
39243	TIN
39258	TIN
39309	TIN
39327	TIN
39362	TIN
39379	TIN
39441	TIN
39471	TIN
39480	TIN
39627	TIN
39697	TIN
39729	TIN
39762	UNT
39777	TIN
39851	TIN
39907	UNT
40003	TIN
40019	TIN
40051	TIN
40054	TIN
40131	TIN
40154	TIN
40193	TIN
40202	TIN
40282	TIN
40302	TIN
40324	TIN
40325	TIN
40350	TIN
40399	TIN
40415	TIN
40430	TIN
40438	TIN
40448	TIN
40470	TIN
40471	TIN
40498	TIN
40536	TIN
40567	TIN
40574	TIN
40597	TIN
40619	TIN
40674	TIN
40746	TIN
40756	UNT
40857	TIN
40904	UNT
40934	TIN
40963	TIN
41007	TIN
41056	TIN
41092	TIN
41177	TIN
41240	TIN
41247	TIN
41289	TIN
41348	TIN
41414	UNT
41461	TIN
41467	TIN
41477	TIN
41487	TIN
41538	TIN
41545	UNT
41554	TIN
41563	TIN
41668	TIN
41672	TIN
41706	TIN
41737	TIN
41745	UNT
41778	TIN
41812	TIN
41824	TIN
41881	TIN
41929	TIN
41955	TIN
41985	TIN
42055	UNT
42081	TIN
42106	TIN
42115	TIN
42118	TIN
42155	TIN
42205	TIN
42224	TIN
42226	UNT
42241	TIN
42250	TIN
42300	TIN
42320	TIN
42345	TIN
42371	TIN
42402	TIN
42410	TIN
42423	TIN
42454	TIN
42470	UNT
42488	TIN
42502	TIN
42523	TIN
42532	TIN
42541	TIN
42557	UNT
42594	TIN
42634	TIN
42732	TIN
42741	TIN
42778	UNT
42783	TIN
42879	TIN
43068	TIN
43081	TIN
43083	TIN
43105	TIN
43137	TIN
43150	TIN
43151	UNT
43202	TIN
43212	TIN
43241	TIN
43269	TIN
43289	TIN
43312	TIN
43381	TIN
43388	TIN
43389	TIN
43414	TIN
43434	TIN
43439	TIN
43448	TIN
43465	TIN
43468	TIN
43540	TIN
43615	TIN
43619	TIN
43620	UNT
43631	UNT
43712	UNT
43764	TIN
43806	TIN
43832	TIN
43851	TIN
43865	TIN
44023	TIN
44031	TIN
44053	UNT
44067	TIN
44085	TIN
44199	TIN
44210	TIN
44366	TIN
44394	TIN
44418	TIN
44514	TIN
44573	TIN
44577	TIN
44691	TIN
44791	TIN
44803	TIN
44811	UNT
44879	TIN
44910	TIN
44962	TIN
45033	UNT
45068	TIN
45130	TIN
45155	UNT
45171	TIN
45233	TIN
45234	UNT
45258	UNT
45346	TIN
45400	TIN
45414	UNT
45425	TIN
45485	TIN
45574	TIN
45588	TIN
45622	TIN
45637	TIN
45657	TIN
45686	TIN
45691	TIN
45761	TIN
45781	TIN
45788	TIN
45819	TIN
45914	TIN
45920	TIN
45927	TIN
45932	TIN
46033	TIN
46058	TIN
46159	TIN
46263	TIN
46297	TIN
46310	TIN
46354	TIN
46362	TIN
46418	TIN
46424	TIN
46498	TIN
46526	TIN
46544	TIN
46601	TIN
46678	TIN
46699	UNT
46757	TIN
46787	TIN
46819	TIN
46843	TIN
46844	TIN
46858	UNT
46874	TIN
46945	TIN
46954	TIN
46961	TIN
46988	TIN
47014	TIN
47033	TIN
47078	TIN
47122	TIN
47171	UNT
47176	TIN
47238	TIN
47251	TIN
47283	TIN
47338	TIN
47425	TIN
47442	TIN
47456	TIN
47490	TIN
47545	UNT
47549	TIN
47621	TIN
47662	TIN
47681	TIN
47720	TIN
47741	TIN
47771	TIN
47804	TIN
47806	TIN
47824	TIN
47866	TIN
47883	TIN
47926	TIN
47962	TIN
47973	TIN
47988	TIN
47998	TIN
48012	TIN
48035	TIN
48061	TIN
48083	TIN
48099	TIN
48143	TIN
48175	TIN
48214	TIN
48221	TIN
48232	UNT
48266	TIN
48281	TIN
48370	TIN
48438	TIN
48479	TIN
48516	TIN
48534	TIN
48537	TIN
48544	TIN
48606	TIN
48637	TIN
48692	TIN
48712	TIN
48788	TIN
48823	TIN
48870	TIN
48951	TIN
48995	TIN
49028	TIN
49032	TIN
49075	TIN
49118	TIN
49119	TIN
49125	TIN
49149	TIN
49204	TIN
49214	TIN
49221	TIN
49234	TIN
49262	TIN
49277	TIN
49280	TIN
49299	TIN
49326	TIN
49383	TIN
49452	TIN
49468	TIN
49479	TIN
49493	TIN
49499	TIN
49515	TIN
49519	TIN
49549	TIN
49569	TIN
49584	TIN
49622	TIN
49728	TIN
49740	TIN
49763	TIN
49780	TIN
49813	TIN
49858	TIN
49864	TIN
49887	TIN
49894	TIN
49896	UNT
49939	TIN
49945	TIN
50012	TIN
50073	TIN
50151	TIN
50164	TIN
50260	TIN
50295	TIN
50316	TIN
50330	TIN
50369	TIN
50419	TIN
50445	TIN
50560	TIN
50593	TIN
50605	TIN
50771	TIN
50780	TIN
50878	TIN
50938	TIN
50948	TIN
51033	TIN
51041	TIN
51116	UNT
51162	TIN
51181	TIN
51194	TIN
51222	UNT
51231	TIN
51297	TIN
51317	TIN
51341	TIN
51418	TIN
51438	TIN
51497	TIN
51499	TIN
51509	TIN
51521	TIN
51531	TIN
51584	TIN
51592	TIN
51609	TIN
51664	TIN
51684	TIN
51746	TIN
51839	TIN
51869	TIN
51929	TIN
51937	TIN
52021	TIN
52122	TIN
52204	TIN
52284	TIN
52388	TIN
52502	TIN
52548	TIN
52554	TIN
52581	TIN
52625	TIN
52628	TIN
52773	UNT
52776	TIN
52805	TIN
52812	TIN
52818	TIN
52849	UNT
52863	TIN
52875	TIN
52878	TIN
52890	TIN
52906	TIN
52917	TIN
52979	TIN
53037	TIN
53137	TIN
53170	UNT
53176	TIN
53181	TIN
53206	TIN
53264	TIN
53285	TIN
53375	TIN
53393	TIN
53458	UNT
53501	TIN
53541	TIN
53551	TIN
53575	TIN
53622	TIN
53665	TIN
53758	TIN
53784	TIN
53803	TIN
53804	TIN
53870	TIN
53913	TIN
53929	TIN
53980	TIN
54021	TIN
54030	TIN
54050	TIN
54062	TIN
54165	TIN
54182	TIN
54245	TIN
54306	TIN
54316	TIN
54373	TIN
54449	TIN
54522	TIN
54549	TIN
54559	TIN
54620	UNT
54626	TIN
54652	TIN
54691	TIN
54789	TIN
54858	TIN
54929	TIN
54991	TIN
54994	TIN
55009	UNT
55085	TIN
55128	UNT
55174	TIN
55177	TIN
55199	TIN
55254	TIN
55276	TIN
55281	TIN
55346	TIN
55349	UNT
55351	TIN
55559	TIN
55574	TIN
55579	TIN
55751	TIN
55766	TIN
55794	TIN
55816	TIN
55827	TIN
55896	TIN
55902	TIN
55940	TIN
55959	TIN
55997	TIN
56012	TIN
56036	TIN
56071	TIN
56099	TIN
56117	TIN
56134	TIN
56180	TIN
56208	TIN
56277	TIN
56367	TIN
56421	TIN
56516	TIN
56521	TIN
56523	TIN
56604	TIN
56638	TIN
56645	TIN
56689	UNT
56760	TIN
56804	TIN
56813	TIN
56826	UNT
56870	TIN
56873	TIN
56888	TIN
56917	TIN
56957	TIN
56989	TIN
57013	TIN
57027	TIN
57036	UNT
57037	TIN
57048	TIN
57128	TIN
57174	TIN
57303	TIN
57305	TIN
57417	TIN
57421	TIN
57426	TIN
57440	TIN
57446	TIN
57552	TIN
57591	TIN
57625	TIN
57651	TIN
57652	TIN
57718	TIN
57823	TIN
57826	TIN
57827	TIN
57872	TIN
57973	TIN
57980	TIN
58037	TIN
58047	TIN
58079	TIN
58099	TIN
58103	TIN
58141	TIN
58168	UNT
58206	TIN
58211	TIN
58294	TIN
58303	TIN
58307	TIN
58318	TIN
58360	TIN
58389	TIN
58412	TIN
58476	TIN
58493	TIN
58523	TIN
58548	TIN
58557	TIN
58559	TIN
58734	TIN
58759	TIN
58830	TIN
58864	TIN
58891	TIN
58896	TIN
58948	TIN
58956	TIN
59032	TIN
59070	TIN
59086	TIN
59318	TIN
59336	TIN
59400	TIN
59415	TIN
59424	TIN
59464	TIN
59585	TIN
59603	TIN
59621	TIN
59625	TIN
59633	TIN
59651	TIN
59657	TIN
59690	TIN
59773	TIN
59794	TIN
59802	TIN
59858	TIN
59861	TIN
59895	TIN
59912	UNT
59918	TIN
59920	TIN
59929	TIN
59941	TIN
59992	TIN
59998	TIN
60058	TIN
60071	TIN
60130	TIN
60250	TIN
60315	TIN
60393	TIN
60451	TIN
60473	TIN
60491	TIN
60518	TIN
60523	UNT
60658	TIN
60719	UNT
60753	TIN
60912	TIN
60923	TIN
60939	TIN
60966	TIN
60989	TIN
61006	TIN
61039	TIN
61063	TIN
61091	TIN
61109	TIN
61110	TIN
61200	TIN
61218	UNT
61240	TIN
61248	TIN
61286	TIN
61308	TIN
61319	TIN
61334	TIN
61381	TIN
61549	UNT
61599	TIN
61602	TIN
61604	TIN
61616	TIN
61621	TIN
61702	UNT
61704	UNT
61717	TIN
61760	TIN
61771	TIN
61831	TIN
61846	TIN
61904	TIN
61942	TIN
62000	TIN
62041	UNT
62075	TIN
62079	TIN
62103	UNT
62156	TIN
62224	TIN
62240	TIN
62376	TIN
62393	TIN
62457	TIN
62481	TIN
62496	TIN
62545	TIN
62553	TIN
62612	TIN
62623	TIN
62718	UNT
62766	TIN
62796	UNT
62840	TIN
62842	TIN
62891	TIN
62896	TIN
62926	TIN
62929	TIN
63003	TIN
63005	TIN
63140	TIN
63171	TIN
63195	TIN
63219	TIN
63278	TIN
63287	TIN
63350	TIN
63384	TIN
63385	TIN
63408	TIN
63480	TIN
63492	TIN
63497	UNT
63591	TIN
63699	TIN
63792	TIN
63839	TIN
63892	TIN
63914	TIN
63941	TIN
64066	TIN
64122	TIN
64166	TIN
64170	TIN
64194	TIN
64203	TIN
64330	TIN
64374	TIN
64378	TIN
64417	TIN
64423	UNT
64626	TIN
64652	UNT
64671	TIN
64673	TIN
64776	TIN
64790	TIN
64836	TIN
64837	TIN
64838	TIN
64868	TIN
64888	TIN
64917	TIN
64933	TIN
64952	TIN
65079	UNT
65081	TIN
65093	TIN
65112	TIN
65135	TIN
65156	TIN
65267	TIN
65280	TIN
65291	TIN
65338	TIN
65352	TIN
65370	TIN
65398	UNT
65402	TIN
65422	UNT
65440	TIN
65473	TIN
65485	TIN
65536	TIN
65537	TIN
65618	TIN
65680	TIN
65754	TIN
65780	TIN
65862	TIN
65894	UNT
65915	TIN
65930	TIN
66048	TIN
66082	TIN
66090	TIN
66185	TIN
66355	UNT
66442	TIN
66452	TIN
66457	TIN
66487	TIN
66566	TIN
66578	TIN
66580	TIN
66714	TIN
66764	TIN
66785	TIN
66815	TIN
66826	UNT
66864	TIN
66938	TIN
66981	TIN
66982	TIN
67144	UNT
67187	TIN
67258	TIN
67261	TIN
67263	TIN
67331	TIN
67453	TIN
67709	TIN
67777	TIN
67824	TIN
67852	TIN
67895	TIN
67963	TIN
68016	TIN
68158	TIN
68181	TIN
68279	TIN
68305	TIN
68316	TIN
68320	TIN
68459	TIN
68505	TIN
68548	TIN
68611	TIN
68621	TIN
68624	TIN
68629	TIN
68660	TIN
68672	TIN
68677	TIN
68764	TIN
68791	UNT
68801	UNT
68826	TIN
68840	TIN
68928	TIN
68995	TIN
69004	TIN
69022	TIN
69136	TIN
69148	TIN
69157	TIN
69284	TIN
69454	TIN
69456	TIN
69534	TIN
69551	TIN
69559	TIN
69586	TIN
69593	UNT
69656	TIN
69662	TIN
69673	TIN
69682	TIN
69725	UNT
69757	TIN
69790	TIN
69898	TIN
69903	TIN
69928	TIN
69972	TIN
70044	TIN
70111	TIN
70172	TIN
70272	TIN
70290	TIN
70296	TIN
70336	TIN
70434	TIN
70473	TIN
70481	TIN
70501	TIN
70535	TIN
70652	TIN
70659	TIN
70708	TIN
70775	TIN
70822	UNT
70838	TIN
70844	TIN
70910	TIN
70977	TIN
70993	TIN
71062	TIN
71073	TIN
71079	TIN
71094	TIN
71100	TIN
71104	TIN
71163	TIN
71246	UNT
71268	TIN
71283	TIN
71401	TIN
71426	TIN
71468	TIN
71490	TIN
71504	TIN
71525	TIN
71527	TIN
71577	TIN
71656	TIN
71662	TIN
71844	TIN
71845	TIN
71869	TIN
71900	TIN
71929	TIN
71941	TIN
72077	TIN
72162	TIN
72191	TIN
72318	TIN
72323	TIN
72471	TIN
72493	TIN
72508	TIN
72518	TIN
72604	TIN
72606	TIN
72629	TIN
72641	TIN
72645	TIN
72660	TIN
72705	TIN
72727	TIN
72803	TIN
72866	TIN
72884	TIN
73006	TIN
73016	TIN
73041	TIN
73044	TIN
73062	TIN
73076	TIN
73092	TIN
73201	TIN
73204	TIN
73227	TIN
73258	UNT
73270	TIN
73300	TIN
73488	TIN
73553	TIN
73571	TIN
73607	TIN
73619	TIN
73623	TIN
73659	TIN
73769	TIN
73814	TIN
73869	TIN
74015	TIN
74212	TIN
74318	TIN
74320	TIN
74330	TIN
74392	TIN
74396	TIN
74400	TIN
74402	TIN
74411	TIN
74426	TIN
74479	TIN
74520	UNT
74529	TIN
74541	TIN
74550	TIN
74551	TIN
74555	UNT
74638	TIN
74744	TIN
74762	UNT
74815	TIN
74820	TIN
74831	TIN
74840	TIN
74912	TIN
74927	TIN
75046	TIN
75054	TIN
75090	TIN
75100	TIN
75157	TIN
75168	TIN
75215	TIN
75253	TIN
75284	TIN
75339	UNT
75340	TIN
75342	TIN
75385	TIN
75391	TIN
75594	TIN
75614	TIN
75791	TIN
75876	UNT
75880	TIN
75929	TIN
75960	TIN
75964	TIN
75967	TIN
75968	TIN
75971	TIN
75988	TIN
75997	TIN
76038	TIN
76044	TIN
76049	TIN
76063	TIN
76221	TIN
76238	TIN
76268	TIN
76303	TIN
76330	UNT
76336	TIN
76378	TIN
76381	TIN
76403	TIN
76422	TIN
76433	TIN
76436	TIN
76446	TIN
76467	TIN
76519	TIN
76555	TIN
76654	TIN
76865	TIN
77015	TIN
77031	TIN
77139	TIN
77179	TIN
77181	TIN
77225	TIN
77255	TIN
77261	TIN
77285	TIN
77294	TIN
77319	TIN
77364	TIN
77392	TIN
77399	TIN
77408	TIN
77415	TIN
77529	TIN
77583	TIN
77620	TIN
77647	UNT
77665	TIN
77672	TIN
77710	TIN
77769	UNT
77786	TIN
77799	TIN
77827	TIN
77843	TIN
77994	TIN
78004	TIN
78014	TIN
78033	TIN
78055	TIN
78174	TIN
78188	UNT
78191	TIN
78216	TIN
78352	TIN
78420	UNT
78441	TIN
78473	TIN
78479	TIN
78494	TIN
78567	TIN
78577	TIN
78581	TIN
78611	TIN
78758	TIN
78769	TIN
78806	UNT
78807	TIN
78819	UNT
78859	TIN
78871	TIN
78924	TIN
79001	TIN
79058	TIN
79079	TIN
79226	TIN
79242	TIN
79248	TIN
79256	TIN
79276	TIN
79302	TIN
79353	TIN
79390	TIN
79422	TIN
79448	TIN
79531	TIN
79545	TIN
79563	TIN
79577	TIN
79580	TIN
79598	TIN
79641	TIN
79688	TIN
79727	TIN
79787	TIN
79939	UNT
79970	TIN
80016	TIN
80097	TIN
80107	TIN
80158	TIN
80183	TIN
80324	TIN
80372	TIN
80375	UNT
80399	TIN
80432	TIN
80497	TIN
80505	TIN
80515	TIN
80516	TIN
80561	TIN
80635	TIN
80671	TIN
80694	TIN
80698	TIN
80706	TIN
80716	TIN
80728	TIN
80776	TIN
80826	TIN
80858	TIN
80869	UNT
80887	TIN
80913	TIN
80930	UNT
80980	TIN
81048	TIN
81221	TIN
81230	TIN
81242	TIN
81249	TIN
81253	TIN
81266	TIN
81273	TIN
81307	TIN
81309	TIN
81321	TIN
81340	TIN
81372	TIN
81420	TIN
81430	TIN
81446	TIN
81457	TIN
81470	TIN
81472	TIN
81502	TIN
81503	TIN
81511	TIN
81517	TIN
81548	TIN
81583	TIN
81591	TIN
81605	UNT
81657	TIN
81677	TIN
81683	TIN
81704	TIN
81734	TIN
81738	TIN
81765	TIN
81899	TIN
81906	TIN
81929	TIN
82023	TIN
82108	TIN
82116	TIN
82139	TIN
82146	TIN
82217	TIN
82223	TIN
82230	TIN
82331	TIN
82359	TIN
82366	TIN
82398	TIN
82457	TIN
82522	TIN
82553	TIN
82582	TIN
82616	TIN
82617	TIN
82648	TIN
82657	TIN
82666	TIN
82672	TIN
82697	TIN
82716	TIN
82745	TIN
82746	TIN
82751	TIN
82767	TIN
82917	TIN
82925	TIN
82930	TIN
82955	TIN
82983	TIN
83023	TIN
83069	TIN
83083	TIN
83135	TIN
83184	TIN
83202	TIN
83264	TIN
83279	TIN
83314	TIN
83318	TIN
83321	TIN
83330	TIN
83469	TIN
83578	TIN
83594	TIN
83805	TIN
83819	TIN
83833	TIN
83886	TIN
83903	TIN
83918	TIN
83935	TIN
83966	TIN
84020	TIN
84029	TIN
84043	TIN
84074	TIN
84077	TIN
84112	TIN
84265	TIN
84281	TIN
84287	TIN
84294	TIN
84321	TIN
84326	TIN
84367	TIN
84478	TIN
84493	TIN
84499	TIN
84543	TIN
84562	TIN
84588	TIN
84623	TIN
84664	TIN
84667	TIN
84693	TIN
84702	TIN
84724	TIN
84873	TIN
84884	TIN
84905	TIN
85036	TIN
85045	TIN
85051	TIN
85088	TIN
85092	TIN
85118	TIN
85133	TIN
85147	TIN
85216	TIN
85250	TIN
85278	TIN
85349	TIN
85383	TIN
85444	TIN
85538	TIN
85655	TIN
85742	TIN
85796	TIN
85858	TIN
85868	TIN
85931	TIN
85983	TIN
85997	TIN
86029	TIN
86078	TIN
86091	TIN
86153	TIN
86215	TIN
86223	TIN
86231	TIN
86265	TIN
86351	TIN
86359	TIN
86455	TIN
86499	TIN
86550	TIN
86595	TIN
86626	TIN
86630	TIN
86646	TIN
86652	TIN
86716	UNT
86725	TIN
86742	TIN
86757	TIN
86758	TIN
86824	TIN
86871	TIN
86958	TIN
86962	TIN
86981	TIN
87003	TIN
87021	TIN
87051	TIN
87097	TIN
87143	TIN
87193	UNT
87207	TIN
87342	TIN
87429	TIN
87451	TIN
87479	UNT
87496	TIN
87501	TIN
87552	TIN
87555	TIN
87655	TIN
87824	TIN
87826	TIN
87873	TIN
87923	TIN
88002	TIN
88017	TIN
88097	TIN
88200	TIN
88326	TIN
88482	TIN
88504	UNT
88542	TIN
88546	TIN
88558	TIN
88572	TIN
88582	TIN
88594	TIN
88599	TIN
88613	TIN
88629	TIN
88646	TIN
88710	TIN
88729	TIN
88741	UNT
88788	UNT
88860	TIN
88928	TIN
88941	UNT
89043	TIN
89078	UNT
89088	TIN
89171	TIN
89221	TIN
89233	TIN
89246	TIN
89257	TIN
89350	TIN
89377	TIN
89453	TIN
89602	TIN
89653	TIN
89795	TIN
89799	TIN
89889	TIN
89906	TIN
89952	TIN
89954	TIN
89980	TIN
90047	UNT
90130	TIN
90166	TIN
90169	TIN
90181	TIN
90194	UNT
90223	TIN
90242	TIN
90247	TIN
90303	TIN
90305	TIN
90308	TIN
90338	UNT
90341	TIN
90396	TIN
90426	TIN
90446	TIN
90457	TIN
90460	TIN
90461	TIN
90467	TIN
90490	TIN
90528	TIN
90543	TIN
90555	TIN
90619	TIN
90628	UNT
90701	TIN
90875	TIN
90878	TIN
90879	TIN
90932	TIN
90997	TIN
91001	TIN
91057	TIN
91156	TIN
91187	TIN
91264	TIN
91396	TIN
91440	TIN
91450	TIN
91612	UNT
91642	TIN
91693	TIN
91741	TIN
91767	UNT
91808	TIN
91845	TIN
91855	TIN
91935	TIN
91953	TIN
91976	TIN
92027	TIN
92114	TIN
92156	UNT
92277	TIN
92319	TIN
92335	TIN
92452	TIN
92478	TIN
92547	TIN
92587	TIN
92590	TIN
92597	UNT
92636	TIN
92670	TIN
92674	TIN
92679	TIN
92684	TIN
92712	TIN
92775	TIN
92803	TIN
92835	TIN
92887	UNT
92935	TIN
92949	TIN
92973	TIN
92998	UNT
93002	TIN
93035	UNT
93056	TIN
93063	TIN
93071	TIN
93119	TIN
93133	TIN
93164	TIN
93258	TIN
93280	TIN
93360	TIN
93381	TIN
93400	TIN
93402	TIN
93437	TIN
93456	TIN
93476	TIN
93589	TIN
93601	TIN
93654	TIN
93663	TIN
93689	TIN
93754	TIN
93762	TIN
93778	TIN
93824	TIN
93827	TIN
93858	TIN
93933	TIN
93937	TIN
93956	TIN
93972	TIN
93983	TIN
94132	TIN
94152	TIN
94161	TIN
94169	UNT
94184	TIN
94232	TIN
94241	TIN
94383	TIN
94396	TIN
94418	TIN
94425	TIN
94456	TIN
94465	UNT
94521	TIN
94541	TIN
94554	TIN
94623	TIN
94644	TIN
94663	TIN
94744	UNT
94756	TIN
94815	TIN
94840	TIN
94856	UNT
94898	TIN
94908	TIN
94913	TIN
95046	TIN
95062	TIN
95210	TIN
95262	TIN
95338	TIN
95345	TIN
95357	UNT
95400	TIN
95430	TIN
95444	UNT
95458	TIN
95495	TIN
95600	TIN
95606	TIN
95631	TIN
95696	TIN
95720	TIN
95773	TIN
95790	TIN
95856	TIN
95881	TIN
95937	TIN
96002	TIN
96009	UNT
96026	TIN
96139	TIN
96311	TIN
96366	TIN
96404	TIN
96501	TIN
96542	TIN
96547	TIN
96587	TIN
96773	TIN
96775	UNT
96815	TIN
96859	TIN
96871	TIN
96924	TIN
96952	TIN
97004	TIN
97093	TIN
97185	TIN
97189	TIN
97204	TIN
97277	TIN
97300	TIN
97308	TIN
97312	TIN
97329	TIN
97389	TIN
97413	TIN
97470	TIN
97490	TIN
97578	TIN
97580	TIN
97612	TIN
97658	TIN
97772	TIN
97783	TIN
97846	TIN
97912	TIN
97923	TIN
97924	TIN
97943	TIN
98013	TIN
98016	TIN
98130	TIN
98131	TIN
98165	TIN
98184	TIN
98223	TIN
98282	TIN
98306	TIN
98318	TIN
98324	TIN
98345	TIN
98382	TIN
98403	TIN
98440	TIN
98441	TIN
98495	TIN
98523	TIN
98538	TIN
98547	TIN
98558	TIN
98561	TIN
98605	TIN
98627	TIN
98653	TIN
98670	TIN
98679	TIN
98724	TIN
98896	TIN
98962	TIN
98967	TIN
98979	TIN
98992	TIN
99044	TIN
99060	TIN
99068	TIN
99161	TIN
99173	TIN
99193	TIN
99197	TIN
99208	TIN
99215	TIN
99247	TIN
99287	UNT
99381	TIN
99383	TIN
99400	TIN
99416	UNT
99495	TIN
99547	TIN
99554	TIN
99573	TIN
99667	TIN
99668	TIN
99671	TIN
99697	TIN
99724	TIN
99766	TIN
99778	UNT
99796	UNT
99821	TIN
99844	TIN
99986	TIN
10329	TIN
10744	TIN
11020	TIN
11041	TIN
11854	TIN
11856	TIN
11982	TIN
12506	TIN
12754	TIN
12762	TIN
12809	TIN
12840	TIN
13105	TIN
13618	TIN
13664	TIN
13692	TIN
13931	UNT
14175	TIN
14179	TIN
14223	TIN
14239	TIN
15001	TIN
15790	TIN
16193	TIN
16201	TIN
16437	TIN
16707	UNT
16882	TIN
16997	TIN
17082	TIN
17578	TIN
17763	TIN
18183	TIN
18315	TIN
18355	TIN
18931	TIN
19069	TIN
19306	TIN
19356	TIN
19740	TIN
19847	TIN
19886	TIN
20092	TIN
20339	TIN
20802	TIN
20917	TIN
21063	TIN
21177	UNT
21313	TIN
21570	TIN
21614	TIN
21807	TIN
21905	TIN
21970	TIN
22086	TIN
22874	TIN
22919	UNT
23507	TIN
23862	UNT
24124	TIN
24282	TIN
24340	TIN
24863	TIN
24910	TIN
24917	TIN
25377	TIN
25486	TIN
25738	UNT
26171	UNT
26357	TIN
26624	UNT
26783	TIN
27379	TIN
27540	TIN
27599	TIN
28195	TIN
28684	TIN
28774	TIN
28985	TIN
29316	TIN
29354	TIN
29648	TIN
29684	TIN
29814	TIN
29871	TIN
30116	TIN
30412	TIN
30880	TIN
30937	TIN
31062	TIN
31570	TIN
31723	TIN
31877	TIN
31958	TIN
32103	TIN
32201	TIN
32210	TIN
32399	TIN
32438	TIN
32558	TIN
32644	TIN
32705	TIN
32734	TIN
32846	TIN
33091	TIN
33095	TIN
33118	TIN
33714	TIN
33727	TIN
33745	TIN
33853	TIN
34434	TIN
34523	TIN
34584	TIN
34698	TIN
34887	UNT
35276	TIN
35518	TIN
35524	TIN
35558	TIN
36253	UNT
36568	TIN
36961	TIN
37234	TIN
37252	TIN
37552	UNT
37565	TIN
37572	TIN
37577	TIN
37632	TIN
37773	TIN
37967	TIN
38747	TIN
38878	TIN
39036	TIN
39320	TIN
39720	UNT
39865	TIN
40105	TIN
40221	TIN
40534	TIN
40559	UNT
40606	TIN
40662	UNT
40736	UNT
41366	TIN
41368	TIN
41642	TIN
41827	TIN
42212	TIN
42482	TIN
42484	TIN
43409	TIN
43827	UNT
43876	TIN
43884	TIN
43944	TIN
43949	TIN
43978	TIN
44196	TIN
45078	TIN
45136	TIN
45236	TIN
45422	TIN
45834	TIN
46048	TIN
46150	TIN
46158	TIN
46216	TIN
46508	TIN
46697	TIN
47082	TIN
47153	TIN
47242	TIN
47297	TIN
47498	TIN
47552	TIN
47947	TIN
47995	TIN
49059	TIN
49160	TIN
49163	TIN
49191	TIN
49345	TIN
49358	TIN
49433	TIN
49940	TIN
49942	TIN
50231	TIN
50345	TIN
50543	TIN
50597	TIN
50688	TIN
50737	TIN
51053	TIN
51118	TIN
51128	TIN
51603	TIN
51659	TIN
51828	TIN
51906	TIN
51995	TIN
52042	UNT
52236	TIN
52401	TIN
52432	TIN
52570	TIN
52643	TIN
52687	TIN
52798	UNT
52835	TIN
52858	TIN
53105	TIN
53436	TIN
53549	TIN
53557	TIN
53966	TIN
54674	TIN
54753	TIN
54987	TIN
55051	TIN
55515	TIN
55842	TIN
56571	TIN
57228	TIN
57645	TIN
58203	TIN
59102	TIN
59228	UNT
59407	TIN
59567	TIN
59746	TIN
60611	TIN
60824	TIN
60929	TIN
61023	TIN
61158	TIN
61419	TIN
61875	TIN
62787	TIN
62822	TIN
62844	TIN
62905	UNT
63235	TIN
63253	TIN
63676	TIN
64008	TIN
64220	TIN
64322	TIN
64887	TIN
65270	TIN
65372	TIN
65691	TIN
65913	TIN
66104	TIN
66163	TIN
66464	TIN
66579	TIN
66832	TIN
66995	UNT
67009	UNT
67720	TIN
67985	TIN
68653	TIN
68918	TIN
69026	TIN
69277	UNT
69455	UNT
69466	TIN
69479	TIN
69659	TIN
69957	TIN
70000	TIN
70193	TIN
70266	TIN
70317	TIN
70372	TIN
70376	TIN
70403	TIN
70658	TIN
70917	UNT
71493	TIN
71510	UNT
71756	TIN
71786	TIN
72223	UNT
72677	TIN
72880	UNT
73197	TIN
73548	TIN
73552	UNT
73626	TIN
74101	TIN
74379	TIN
74455	TIN
75038	UNT
75067	TIN
75575	TIN
75669	UNT
75696	TIN
76020	UNT
76311	TIN
76596	TIN
77519	TIN
77521	TIN
77585	TIN
77680	TIN
78129	TIN
78604	TIN
79227	TIN
79269	UNT
80374	TIN
80462	TIN
80661	UNT
80705	TIN
80904	TIN
81184	TIN
81718	TIN
81967	TIN
82171	TIN
82377	TIN
82529	TIN
82852	TIN
82921	TIN
83339	TIN
83491	TIN
83961	TIN
84054	TIN
84118	TIN
84187	TIN
84202	TIN
84781	TIN
84835	TIN
85014	TIN
85220	TIN
85239	UNT
85553	TIN
85703	TIN
85878	UNT
85882	TIN
86242	TIN
86448	TIN
86477	TIN
86688	TIN
86718	TIN
86879	TIN
87686	TIN
88225	TIN
88321	TIN
88954	UNT
89193	TIN
89258	TIN
89284	TIN
89345	TIN
89366	TIN
89794	TIN
89868	TIN
90040	TIN
90064	TIN
90150	UNT
90412	TIN
90425	TIN
90540	TIN
90696	TIN
90703	TIN
90849	TIN
91292	TIN
91706	TIN
91799	UNT
91816	UNT
91905	TIN
92257	TIN
92582	TIN
93074	TIN
93365	TIN
93368	TIN
93446	TIN
93870	TIN
94120	TIN
94345	TIN
94587	UNT
94688	TIN
95092	TIN
96697	TIN
97209	TIN
97291	TIN
97581	TIN
97670	TIN
97760	TIN
98517	TIN
98709	TIN
98765	TIN
99344	TIN
99581	TIN
99643	UNT
10085	TIN
10641	TIN
10980	TIN
10987	TIN
11095	UNT
11156	UNT
11343	UNT
11519	TIN
11546	TIN
11623	UNT
11776	TIN
12260	TIN
12336	TIN
12531	UNT
12789	TIN
12795	TIN
12887	TIN
13087	TIN
13230	TIN
13723	TIN
13751	TIN
14093	TIN
14283	TIN
14306	TIN
14318	UNT
14370	TIN
14490	TIN
14680	TIN
14917	UNT
15222	TIN
15558	UNT
15689	TIN
16051	TIN
16067	TIN
16705	TIN
16721	TIN
16940	TIN
16985	TIN
17007	TIN
17118	TIN
17119	TIN
17319	UNT
17439	TIN
17619	TIN
17625	TIN
17941	TIN
18365	TIN
18560	UNT
18562	TIN
18574	TIN
18964	TIN
19165	TIN
19390	UNT
19435	TIN
19543	TIN
20005	TIN
20416	TIN
20608	UNT
20648	TIN
20892	UNT
20989	TIN
21017	TIN
21033	TIN
21267	UNT
21525	UNT
21560	TIN
21629	TIN
21829	UNT
21867	TIN
22144	TIN
22354	TIN
22361	TIN
22428	TIN
22797	TIN
22955	UNT
23159	UNT
23178	UNT
23240	TIN
23241	TIN
23255	TIN
23515	TIN
23940	TIN
24154	TIN
24288	TIN
24484	UNT
24747	TIN
24758	TIN
24797	TIN
25223	TIN
25373	TIN
25387	TIN
25440	TIN
25505	TIN
25543	TIN
25729	TIN
25991	UNT
26199	TIN
26387	TIN
26404	TIN
26460	TIN
26644	TIN
26815	TIN
27044	TIN
27045	TIN
27047	TIN
27147	UNT
27416	TIN
27429	TIN
27481	TIN
27537	TIN
28529	TIN
28588	UNT
28700	TIN
28866	TIN
28912	TIN
29016	UNT
29351	UNT
29927	TIN
30006	TIN
30007	UNT
30803	TIN
31141	UNT
31309	TIN
31333	TIN
31404	UNT
31857	TIN
31903	TIN
32196	TIN
32275	TIN
32303	TIN
32450	UNT
32451	UNT
32463	UNT
32545	UNT
32568	TIN
32580	UNT
32596	UNT
32748	TIN
32810	UNT
33057	UNT
33322	TIN
33449	TIN
33709	TIN
33731	TIN
33761	TIN
33835	TIN
33856	TIN
33861	TIN
34099	TIN
34178	TIN
34237	TIN
34349	TIN
34448	TIN
34521	TIN
34790	UNT
35025	TIN
35033	UNT
35505	TIN
35677	TIN
35958	TIN
35989	TIN
35995	TIN
36137	TIN
36425	UNT
36571	TIN
36699	UNT
36865	UNT
36950	TIN
37170	TIN
37213	TIN
37225	TIN
37302	TIN
37323	TIN
37582	TIN
37866	TIN
37922	UNT
38183	TIN
38330	UNT
38394	TIN
38533	TIN
38623	TIN
38765	TIN
38837	TIN
38886	TIN
39056	TIN
39167	UNT
39369	TIN
39447	TIN
39461	UNT
39623	TIN
39940	TIN
40317	TIN
40731	UNT
41145	TIN
41163	TIN
41523	TIN
41712	TIN
41844	UNT
41898	TIN
42005	UNT
42064	TIN
42219	TIN
42258	TIN
42611	TIN
42633	TIN
42705	TIN
42837	TIN
42917	UNT
43188	TIN
43261	TIN
43569	TIN
43670	TIN
43820	TIN
43835	TIN
44195	TIN
44318	UNT
44578	TIN
44774	TIN
44884	TIN
45266	TIN
45517	TIN
45735	TIN
45799	TIN
46114	TIN
46849	TIN
46881	TIN
46888	TIN
46894	TIN
46933	TIN
47001	TIN
47224	TIN
47398	UNT
47565	UNT
47815	TIN
48081	TIN
48653	TIN
48774	TIN
48988	TIN
49216	TIN
49335	UNT
49442	TIN
49498	UNT
49644	TIN
50121	TIN
50411	TIN
50661	TIN
50856	TIN
50949	TIN
50952	TIN
51044	TIN
51110	TIN
51159	TIN
51230	TIN
51379	UNT
51617	TIN
52242	TIN
52678	UNT
52720	TIN
52829	TIN
53328	TIN
53357	TIN
53817	TIN
53855	UNT
54005	TIN
54209	TIN
54273	TIN
54509	UNT
54722	TIN
55015	TIN
55081	UNT
55432	TIN
55451	TIN
55571	TIN
55643	TIN
55715	TIN
56010	TIN
56032	TIN
56146	UNT
56303	TIN
56391	TIN
56481	TIN
56493	UNT
56503	TIN
56590	TIN
56734	TIN
57067	TIN
57325	UNT
57331	UNT
57412	UNT
57616	TIN
58056	TIN
58201	TIN
58213	TIN
58582	UNT
58699	TIN
58847	TIN
58934	UNT
59001	TIN
59153	TIN
59355	TIN
59539	TIN
59684	TIN
59889	TIN
60062	TIN
60096	TIN
60107	TIN
60256	TIN
60401	UNT
60566	UNT
60707	TIN
60881	TIN
60981	UNT
61083	UNT
61175	TIN
61457	TIN
61507	TIN
61576	TIN
61642	UNT
61705	TIN
61744	TIN
61944	TIN
62107	TIN
62509	UNT
62647	TIN
62688	TIN
63730	TIN
63762	UNT
63854	TIN
63928	TIN
64289	UNT
64317	TIN
64363	TIN
64664	TIN
64869	TIN
65027	TIN
65102	TIN
65105	TIN
65110	TIN
65130	TIN
65203	TIN
65469	TIN
65703	TIN
65778	UNT
66057	UNT
66349	TIN
66373	TIN
66497	TIN
66883	UNT
66988	TIN
67020	TIN
67248	TIN
67281	UNT
67606	TIN
67707	TIN
67770	TIN
67813	TIN
67980	TIN
68223	UNT
68367	TIN
68552	TIN
68597	TIN
68693	UNT
68767	TIN
68777	UNT
69703	UNT
69758	TIN
70052	UNT
70133	UNT
70213	TIN
70250	TIN
70260	TIN
70596	TIN
70729	TIN
70862	TIN
71433	TIN
71573	TIN
71737	TIN
71937	TIN
72096	TIN
72446	UNT
72558	TIN
72561	TIN
72875	TIN
72928	TIN
72982	UNT
73170	TIN
73728	TIN
73784	TIN
73871	UNT
73980	TIN
74376	UNT
74862	TIN
75064	UNT
75196	TIN
75611	TIN
75815	TIN
75870	UNT
76245	TIN
76554	TIN
76731	UNT
76898	TIN
77037	TIN
77048	TIN
77332	TIN
77413	TIN
77444	TIN
77559	TIN
77688	TIN
77748	UNT
77845	TIN
78422	TIN
78443	TIN
78450	TIN
78739	TIN
78864	TIN
79057	UNT
79224	TIN
79718	TIN
79802	TIN
79963	TIN
80103	TIN
80349	UNT
80439	TIN
80570	UNT
80651	UNT
80778	TIN
80975	TIN
81087	UNT
81655	TIN
81782	TIN
82181	UNT
82569	TIN
82730	TIN
83241	TIN
83376	TIN
83576	TIN
83601	TIN
84081	TIN
84569	TIN
84630	TIN
84732	UNT
84789	UNT
84816	TIN
84950	UNT
84989	UNT
85812	UNT
85851	TIN
85971	TIN
86236	TIN
86332	TIN
86426	TIN
86635	UNT
86963	UNT
87269	TIN
87405	UNT
87488	TIN
88187	UNT
88261	TIN
88271	UNT
88285	TIN
88415	TIN
88488	UNT
88705	TIN
88918	TIN
89118	TIN
89277	TIN
89381	TIN
89384	TIN
89589	TIN
90077	UNT
90485	TIN
90806	TIN
90853	TIN
91317	UNT
91447	TIN
91451	UNT
91603	TIN
91626	TIN
91637	TIN
91719	UNT
91941	TIN
91969	TIN
92226	UNT
92402	UNT
92513	UNT
92663	TIN
92852	TIN
92914	TIN
93124	TIN
93419	TIN
93549	TIN
93767	TIN
94323	TIN
94885	TIN
94939	TIN
95013	UNT
95149	TIN
95200	UNT
95477	UNT
95527	UNT
95643	TIN
95645	TIN
95987	TIN
96159	TIN
96293	TIN
96573	TIN
97232	TIN
97667	TIN
97762	UNT
97847	TIN
97891	TIN
98127	UNT
98144	TIN
98434	TIN
98465	UNT
98659	TIN
98740	TIN
99078	UNT
99194	TIN
99289	TIN
99586	TIN
99630	TIN
99831	TIN
99942	TIN
